"NSW","Murray","FY 2014-15","Autumn 2015","Apr 2015",694.6,"Trade In","Northern MDB","Water resource type (surface)","Surface water"
"NSW","Murray","FY 2014-15","Autumn 2015","Mar 2015",576,"Trade In","Northern MDB","Water resource type (surface)","Surface water"
"NSW","Murray","FY 2014-15","Autumn 2015","May 2015",37,"Trade In","Northern MDB","Water resource type (surface)","Surface water"
"NSW","Murray","FY 2014-15","Spring 2014","Nov 2014",3682.7,"Trade In","Northern MDB","Water resource type (surface)","Surface water"
"NSW","Murray","FY 2014-15","Spring 2014","Oct 2014",400,"Trade In","Northern MDB","Water resource type (surface)","Surface water"
"NSW","Murray","FY 2014-15","Spring 2014","Sep 2014",2131,"Trade In","Northern MDB","Water resource type (surface)","Surface water"
"NSW","Murray","FY 2014-15","Summer 2015","Dec 2014",1470,"Trade In","Northern MDB","Water resource type (surface)","Surface water"
"NSW","Murray","FY 2014-15","Summer 2015","Feb 2015",1316.9,"Trade In","Northern MDB","Water resource type (surface)","Surface water"
"NSW","Murray","FY 2014-15","Summer 2015","Jan 2015",2954.9,"Trade In","Northern MDB","Water resource type (surface)","Surface water"
"NSW","Murray","FY 2014-15","Winter 2014","Aug 2014",395.6,"Trade In","Northern MDB","Water resource type (surface)","Surface water"
"NSW","Murray","FY 2014-15","Winter 2014","Jul 2014",1300,"Trade In","Northern MDB","Water resource type (surface)","Surface water"
"NSW","Murrumbidgee","FY 2014-15","Autumn 2015","Apr 2015",460,"Trade In","Northern MDB","Water resource type (surface)","Surface water"
"NSW","Murrumbidgee","FY 2014-15","Autumn 2015","Apr 2015",10671,"Internal Trade","Northern MDB","Water resource type (surface)","Surface water"
"NSW","Murrumbidgee","FY 2014-15","Autumn 2015","Mar 2015",750,"Trade In","Northern MDB","Water resource type (surface)","Surface water"
"NSW","Murrumbidgee","FY 2014-15","Autumn 2015","Mar 2015",23173,"Internal Trade","Northern MDB","Water resource type (surface)","Surface water"
"NSW","Murrumbidgee","FY 2014-15","Autumn 2015","May 2015",20615,"Internal Trade","Northern MDB","Water resource type (surface)","Surface water"
"NSW","Murrumbidgee","FY 2014-15","Spring 2014","Nov 2014",3200,"Trade In","Northern MDB","Water resource type (surface)","Surface water"
"NSW","Murrumbidgee","FY 2014-15","Spring 2014","Nov 2014",19827,"Internal Trade","Northern MDB","Water resource type (surface)","Surface water"
"NSW","Murrumbidgee","FY 2014-15","Spring 2014","Oct 2014",27824,"Internal Trade","Northern MDB","Water resource type (surface)","Surface water"
"NSW","Murrumbidgee","FY 2014-15","Spring 2014","Sep 2014",15710,"Internal Trade","Northern MDB","Water resource type (surface)","Surface water"
"NSW","Murrumbidgee","FY 2014-15","Summer 2015","Dec 2014",4923,"Trade In","Northern MDB","Water resource type (surface)","Surface water"
"NSW","Murrumbidgee","FY 2014-15","Summer 2015","Dec 2014",22073,"Internal Trade","Northern MDB","Water resource type (surface)","Surface water"
"NSW","Murrumbidgee","FY 2014-15","Summer 2015","Feb 2015",170,"Trade In","Northern MDB","Water resource type (surface)","Surface water"
"NSW","Murrumbidgee","FY 2014-15","Summer 2015","Feb 2015",8738,"Internal Trade","Northern MDB","Water resource type (surface)","Surface water"
"NSW","Murrumbidgee","FY 2014-15","Summer 2015","Jan 2015",16146,"Internal Trade","Northern MDB","Water resource type (surface)","Surface water"
"NSW","Murrumbidgee","FY 2014-15","Summer 2015","Jan 2015",19024.6,"Trade In","Northern MDB","Water resource type (surface)","Surface water"
"NSW","Murrumbidgee","FY 2014-15","Winter 2014","Aug 2014",18755,"Internal Trade","Northern MDB","Water resource type (surface)","Surface water"
"NSW","Murrumbidgee","FY 2014-15","Winter 2014","Jul 2014",9925,"Internal Trade","Northern MDB","Water resource type (surface)","Surface water"
"NSW","Murrumbidgee","FY 2014-15","Winter 2015","Jun 2015",21057,"Internal Trade","Northern MDB","Water resource type (surface)","Surface water"
"NSW","Not Specified","FY 2014-15","Autumn 2015","Apr 2015",1717,"Trade In","Northern MDB","Water resource type (surface)","Surface water"
"NSW","Not Specified","FY 2014-15","Autumn 2015","Mar 2015",437,"Trade In","Northern MDB","Water resource type (surface)","Surface water"
"NSW","Not Specified","FY 2014-15","Spring 2014","Nov 2014",7902.6,"Trade In","Northern MDB","Water resource type (surface)","Surface water"
"NSW","Not Specified","FY 2014-15","Spring 2014","Oct 2014",3580.3,"Trade In","Northern MDB","Water resource type (surface)","Surface water"
"NSW","Not Specified","FY 2014-15","Spring 2014","Sep 2014",487,"Trade In","Northern MDB","Water resource type (surface)","Surface water"
"NSW","Not Specified","FY 2014-15","Summer 2015","Dec 2014",1103,"Trade In","Northern MDB","Water resource type (surface)","Surface water"
"NSW","Not Specified","FY 2014-15","Summer 2015","Jan 2015",1444.5,"Trade In","Northern MDB","Water resource type (surface)","Surface water"
"NSW","Not Specified","FY 2014-15","Winter 2014","Aug 2014",3177,"Trade In","Northern MDB","Water resource type (surface)","Surface water"
"NSW","Not Specified","FY 2014-15","Winter 2014","Jul 2014",1116,"Trade In","Northern MDB","Water resource type (surface)","Surface water"
"VIC","Broken","FY 2014-15","Autumn 2015","Apr 2015",50,"Internal Trade","Southern MDB","Water resource type (surface)","Surface water"
"VIC","Broken","FY 2014-15","Autumn 2015","Mar 2015",-1110.9,"Trade Out","Southern MDB","Water resource type (surface)","Surface water"
"VIC","Broken","FY 2014-15","Autumn 2015","Mar 2015",50,"Internal Trade","Southern MDB","Water resource type (surface)","Surface water"
"VIC","Broken","FY 2014-15","Autumn 2015","May 2015",4,"Internal Trade","Southern MDB","Water resource type (surface)","Surface water"
"VIC","Broken","FY 2014-15","Spring 2014","Nov 2014",-542,"Trade Out","Southern MDB","Water resource type (surface)","Surface water"
"VIC","Broken","FY 2014-15","Spring 2014","Nov 2014",53.8,"Internal Trade","Southern MDB","Water resource type (surface)","Surface water"
"VIC","Broken","FY 2014-15","Spring 2014","Oct 2014",-1307.6,"Trade Out","Southern MDB","Water resource type (surface)","Surface water"
"VIC","Broken","FY 2014-15","Spring 2014","Oct 2014",141.3,"Internal Trade","Southern MDB","Water resource type (surface)","Surface water"
"VIC","Broken","FY 2014-15","Spring 2014","Oct 2014",1314,"Trade In","Southern MDB","Water resource type (surface)","Surface water"
"VIC","Broken","FY 2014-15","Spring 2014","Sep 2014",-250,"Trade Out","Southern MDB","Water resource type (surface)","Surface water"
"VIC","Broken","FY 2014-15","Spring 2014","Sep 2014",250,"Trade In","Southern MDB","Water resource type (surface)","Surface water"
"VIC","Broken","FY 2014-15","Summer 2015","Dec 2014",-609.4,"Trade Out","Southern MDB","Water resource type (surface)","Surface water"
"VIC","Broken","FY 2014-15","Summer 2015","Dec 2014",30,"Internal Trade","Southern MDB","Water resource type (surface)","Surface water"
"VIC","Broken","FY 2014-15","Summer 2015","Feb 2015",-1012.2,"Trade Out","Southern MDB","Water resource type (surface)","Surface water"
"VIC","Broken","FY 2014-15","Summer 2015","Feb 2015",209.5,"Internal Trade","Southern MDB","Water resource type (surface)","Surface water"
"VIC","Broken","FY 2014-15","Summer 2015","Jan 2015",-1136,"Trade Out","Southern MDB","Water resource type (surface)","Surface water"
"VIC","Broken","FY 2014-15","Summer 2015","Jan 2015",55,"Internal Trade","Southern MDB","Water resource type (surface)","Surface water"
"VIC","Broken","FY 2014-15","Summer 2015","Jan 2015",387.2,"Trade In","Southern MDB","Water resource type (surface)","Surface water"
"VIC","Broken","FY 2014-15","Winter 2014","Jul 2014",-1500,"Trade Out","Southern MDB","Water resource type (surface)","Surface water"
"VIC","Broken","FY 2014-15","Winter 2015","Jun 2015",25,"Internal Trade","Southern MDB","Water resource type (surface)","Surface water"
"VIC","Bullarook","FY 2014-15","Autumn 2015","May 2015",29,"Internal Trade","Southern MDB","Water resource type (surface)","Surface water"
"VIC","Bullarook","FY 2014-15","Summer 2015","Dec 2014",73,"Internal Trade","Southern MDB","Water resource type (surface)","Surface water"
"VIC","Bullarook","FY 2014-15","Summer 2015","Feb 2015",30,"Internal Trade","Southern MDB","Water resource type (surface)","Surface water"
"VIC","Bullarook","FY 2014-15","Winter 2015","Jun 2015",53.5,"Internal Trade","Southern MDB","Water resource type (surface)","Surface water"
"VIC","Campaspe","FY 2014-15","Autumn 2015","Apr 2015",-449.8,"Trade Out","Southern MDB","Water resource type (surface)","Surface water"
"VIC","Campaspe","FY 2014-15","Autumn 2015","Apr 2015",47.5,"Trade In","Southern MDB","Water resource type (surface)","Surface water"
"VIC","Campaspe","FY 2014-15","Autumn 2015","Mar 2015",-2823.5,"Trade Out","Southern MDB","Water resource type (surface)","Surface water"
"VIC","Campaspe","FY 2014-15","Autumn 2015","Mar 2015",35,"Trade In","Southern MDB","Water resource type (surface)","Surface water"
"VIC","Campaspe","FY 2014-15","Autumn 2015","Mar 2015",114.6,"Internal Trade","Southern MDB","Water resource type (surface)","Surface water"
"VIC","Campaspe","FY 2014-15","Autumn 2015","May 2015",-233.7,"Trade Out","Southern MDB","Water resource type (surface)","Surface water"
"VIC","Campaspe","FY 2014-15","Autumn 2015","May 2015",323.7,"Internal Trade","Southern MDB","Water resource type (surface)","Surface water"
"VIC","Campaspe","FY 2014-15","Autumn 2015","May 2015",1660.3,"Trade In","Southern MDB","Water resource type (surface)","Surface water"
"VIC","Campaspe","FY 2014-15","Spring 2014","Nov 2014",-792.6,"Trade Out","Southern MDB","Water resource type (surface)","Surface water"
"VIC","Campaspe","FY 2014-15","Spring 2014","Nov 2014",85.8,"Internal Trade","Southern MDB","Water resource type (surface)","Surface water"
"VIC","Campaspe","FY 2014-15","Spring 2014","Nov 2014",839,"Trade In","Southern MDB","Water resource type (surface)","Surface water"
"VIC","Campaspe","FY 2014-15","Spring 2014","Oct 2014",-779.6,"Trade Out","Southern MDB","Water resource type (surface)","Surface water"
"VIC","Campaspe","FY 2014-15","Spring 2014","Oct 2014",137.8,"Trade In","Southern MDB","Water resource type (surface)","Surface water"
"VIC","Campaspe","FY 2014-15","Spring 2014","Oct 2014",6715.9,"Internal Trade","Southern MDB","Water resource type (surface)","Surface water"
"VIC","Campaspe","FY 2014-15","Spring 2014","Sep 2014",-1473.9,"Trade Out","Southern MDB","Water resource type (surface)","Surface water"
"VIC","Campaspe","FY 2014-15","Spring 2014","Sep 2014",1200,"Trade In","Southern MDB","Water resource type (surface)","Surface water"
"VIC","Campaspe","FY 2014-15","Summer 2015","Dec 2014",-746,"Trade Out","Southern MDB","Water resource type (surface)","Surface water"
"VIC","Campaspe","FY 2014-15","Summer 2015","Dec 2014",50,"Trade In","Southern MDB","Water resource type (surface)","Surface water"
"VIC","Campaspe","FY 2014-15","Summer 2015","Dec 2014",703.4,"Internal Trade","Southern MDB","Water resource type (surface)","Surface water"
"VIC","Campaspe","FY 2014-15","Summer 2015","Feb 2015",-1057,"Trade Out","Southern MDB","Water resource type (surface)","Surface water"
"VIC","Campaspe","FY 2014-15","Summer 2015","Feb 2015",75,"Trade In","Southern MDB","Water resource type (surface)","Surface water"
"VIC","Campaspe","FY 2014-15","Summer 2015","Jan 2015",-508.5,"Trade Out","Southern MDB","Water resource type (surface)","Surface water"
"VIC","Campaspe","FY 2014-15","Summer 2015","Jan 2015",106.1,"Internal Trade","Southern MDB","Water resource type (surface)","Surface water"
"VIC","Campaspe","FY 2014-15","Summer 2015","Jan 2015",400,"Trade In","Southern MDB","Water resource type (surface)","Surface water"
"VIC","Campaspe","FY 2014-15","Winter 2014","Aug 2014",-663,"Trade Out","Southern MDB","Water resource type (surface)","Surface water"
"VIC","Campaspe","FY 2014-15","Winter 2014","Aug 2014",2,"Internal Trade","Southern MDB","Water resource type (surface)","Surface water"
"VIC","Campaspe","FY 2014-15","Winter 2014","Aug 2014",10,"Trade In","Southern MDB","Water resource type (surface)","Surface water"
"VIC","Campaspe","FY 2014-15","Winter 2015","Jun 2015",-2424.1,"Trade Out","Southern MDB","Water resource type (surface)","Surface water"
"VIC","Campaspe","FY 2014-15","Winter 2015","Jun 2015",115,"Trade In","Southern MDB","Water resource type (surface)","Surface water"
"VIC","Campaspe","FY 2014-15","Winter 2015","Jun 2015",140.8,"Internal Trade","Southern MDB","Water resource type (surface)","Surface water"
"VIC","Goulburn","FY 2014-15","Autumn 2015","Apr 2015",-9447.9,"Trade Out","Southern MDB","Water resource type (surface)","Surface water"
"VIC","Goulburn","FY 2014-15","Autumn 2015","Apr 2015",6928,"Trade In","Southern MDB","Water resource type (surface)","Surface water"
"VIC","Goulburn","FY 2014-15","Autumn 2015","Apr 2015",23022.1,"Internal Trade","Southern MDB","Water resource type (surface)","Surface water"
"VIC","Goulburn","FY 2014-15","Autumn 2015","Mar 2015",-14492.2,"Trade Out","Southern MDB","Water resource type (surface)","Surface water"
"VIC","Goulburn","FY 2014-15","Autumn 2015","Mar 2015",32559.5,"Trade In","Southern MDB","Water resource type (surface)","Surface water"
"VIC","Goulburn","FY 2014-15","Autumn 2015","Mar 2015",60720.6,"Internal Trade","Southern MDB","Water resource type (surface)","Surface water"
"VIC","Goulburn","FY 2014-15","Autumn 2015","May 2015",-4613,"Trade Out","Southern MDB","Water resource type (surface)","Surface water"
"VIC","Goulburn","FY 2014-15","Autumn 2015","May 2015",6637.4,"Trade In","Southern MDB","Water resource type (surface)","Surface water"
"VIC","Goulburn","FY 2014-15","Autumn 2015","May 2015",107641.6,"Internal Trade","Southern MDB","Water resource type (surface)","Surface water"
"VIC","Goulburn","FY 2014-15","Spring 2014","Nov 2014",-45206.9,"Trade Out","Southern MDB","Water resource type (surface)","Surface water"
"VIC","Goulburn","FY 2014-15","Spring 2014","Nov 2014",8171,"Trade In","Southern MDB","Water resource type (surface)","Surface water"
"VIC","Goulburn","FY 2014-15","Spring 2014","Nov 2014",34336.1,"Internal Trade","Southern MDB","Water resource type (surface)","Surface water"
"VIC","Goulburn","FY 2014-15","Spring 2014","Oct 2014",-1998.5,"Trade Out","Southern MDB","Water resource type (surface)","Surface water"
"VIC","Goulburn","FY 2014-15","Spring 2014","Oct 2014",5421.8,"Trade In","Southern MDB","Water resource type (surface)","Surface water"
"VIC","Goulburn","FY 2014-15","Spring 2014","Oct 2014",36538.6,"Internal Trade","Southern MDB","Water resource type (surface)","Surface water"
"VIC","Goulburn","FY 2014-15","Spring 2014","Sep 2014",-1300,"Trade Out","Southern MDB","Water resource type (surface)","Surface water"
"VIC","Goulburn","FY 2014-15","Spring 2014","Sep 2014",10610,"Trade In","Southern MDB","Water resource type (surface)","Surface water"
"VIC","Goulburn","FY 2014-15","Spring 2014","Sep 2014",81864.1,"Internal Trade","Southern MDB","Water resource type (surface)","Surface water"
"VIC","Goulburn","FY 2014-15","Summer 2015","Dec 2014",-14090,"Trade Out","Southern MDB","Water resource type (surface)","Surface water"
"VIC","Goulburn","FY 2014-15","Summer 2015","Dec 2014",15487.1,"Trade In","Southern MDB","Water resource type (surface)","Surface water"
"VIC","Goulburn","FY 2014-15","Summer 2015","Dec 2014",27715.2,"Internal Trade","Southern MDB","Water resource type (surface)","Surface water"
"VIC","Goulburn","FY 2014-15","Summer 2015","Feb 2015",-10881.7,"Trade Out","Southern MDB","Water resource type (surface)","Surface water"
"VIC","Goulburn","FY 2014-15","Summer 2015","Feb 2015",14547.3,"Trade In","Southern MDB","Water resource type (surface)","Surface water"
"VIC","Goulburn","FY 2014-15","Summer 2015","Feb 2015",30166.4,"Internal Trade","Southern MDB","Water resource type (surface)","Surface water"
"VIC","Goulburn","FY 2014-15","Summer 2015","Jan 2015",-9613.9,"Trade Out","Southern MDB","Water resource type (surface)","Surface water"
"VIC","Goulburn","FY 2014-15","Summer 2015","Jan 2015",14104.8,"Trade In","Southern MDB","Water resource type (surface)","Surface water"
"VIC","Goulburn","FY 2014-15","Summer 2015","Jan 2015",25346.1,"Internal Trade","Southern MDB","Water resource type (surface)","Surface water"
"VIC","Goulburn","FY 2014-15","Winter 2014","Aug 2014",-10,"Trade Out","Southern MDB","Water resource type (surface)","Surface water"
"VIC","Goulburn","FY 2014-15","Winter 2014","Aug 2014",8035.9,"Trade In","Southern MDB","Water resource type (surface)","Surface water"
"VIC","Goulburn","FY 2014-15","Winter 2014","Aug 2014",32355.8,"Internal Trade","Southern MDB","Water resource type (surface)","Surface water"
"VIC","Goulburn","FY 2014-15","Winter 2014","Jul 2014",-50813.7,"Trade Out","Southern MDB","Water resource type (surface)","Surface water"
"VIC","Goulburn","FY 2014-15","Winter 2014","Jul 2014",2972.8,"Trade In","Southern MDB","Water resource type (surface)","Surface water"
"VIC","Goulburn","FY 2014-15","Winter 2014","Jul 2014",106700.8,"Internal Trade","Southern MDB","Water resource type (surface)","Surface water"
"VIC","Goulburn","FY 2014-15","Winter 2015","Jun 2015",-5093.4,"Trade Out","Southern MDB","Water resource type (surface)","Surface water"
"VIC","Goulburn","FY 2014-15","Winter 2015","Jun 2015",6567.1,"Trade In","Southern MDB","Water resource type (surface)","Surface water"
"VIC","Goulburn","FY 2014-15","Winter 2015","Jun 2015",48300,"Internal Trade","Southern MDB","Water resource type (surface)","Surface water"
"VIC","Loddon","FY 2014-15","Autumn 2015","Apr 2015",-249,"Trade Out","Southern MDB","Water resource type (surface)","Surface water"
"VIC","Loddon","FY 2014-15","Autumn 2015","Apr 2015",52.1,"Internal Trade","Southern MDB","Water resource type (surface)","Surface water"
"VIC","Loddon","FY 2014-15","Autumn 2015","Apr 2015",315,"Trade In","Southern MDB","Water resource type (surface)","Surface water"
"VIC","Loddon","FY 2014-15","Autumn 2015","Mar 2015",-1941.1,"Trade Out","Southern MDB","Water resource type (surface)","Surface water"
"VIC","Loddon","FY 2014-15","Autumn 2015","Mar 2015",16,"Trade In","Southern MDB","Water resource type (surface)","Surface water"
"VIC","Loddon","FY 2014-15","Autumn 2015","Mar 2015",244,"Internal Trade","Southern MDB","Water resource type (surface)","Surface water"
"VIC","Loddon","FY 2014-15","Autumn 2015","May 2015",-334.2,"Trade Out","Southern MDB","Water resource type (surface)","Surface water"
"VIC","Loddon","FY 2014-15","Autumn 2015","May 2015",85,"Trade In","Southern MDB","Water resource type (surface)","Surface water"
"VIC","Loddon","FY 2014-15","Spring 2014","Nov 2014",-504.4,"Trade Out","Southern MDB","Water resource type (surface)","Surface water"
"VIC","Loddon","FY 2014-15","Spring 2014","Nov 2014",40,"Trade In","Southern MDB","Water resource type (surface)","Surface water"
"VIC","Loddon","FY 2014-15","Spring 2014","Nov 2014",480,"Internal Trade","Southern MDB","Water resource type (surface)","Surface water"
"VIC","Loddon","FY 2014-15","Spring 2014","Oct 2014",-277.7,"Trade Out","Southern MDB","Water resource type (surface)","Surface water"
"VIC","Loddon","FY 2014-15","Spring 2014","Oct 2014",30,"Trade In","Southern MDB","Water resource type (surface)","Surface water"
"VIC","Loddon","FY 2014-15","Spring 2014","Oct 2014",71,"Internal Trade","Southern MDB","Water resource type (surface)","Surface water"
"VIC","Loddon","FY 2014-15","Spring 2014","Sep 2014",100,"Trade In","Southern MDB","Water resource type (surface)","Surface water"
"VIC","Loddon","FY 2014-15","Spring 2014","Sep 2014",3548.5,"Internal Trade","Southern MDB","Water resource type (surface)","Surface water"
"VIC","Loddon","FY 2014-15","Summer 2015","Dec 2014",-491,"Trade Out","Southern MDB","Water resource type (surface)","Surface water"
"VIC","Loddon","FY 2014-15","Summer 2015","Dec 2014",101.8,"Internal Trade","Southern MDB","Water resource type (surface)","Surface water"
"VIC","Loddon","FY 2014-15","Summer 2015","Dec 2014",120,"Trade In","Southern MDB","Water resource type (surface)","Surface water"
"VIC","Loddon","FY 2014-15","Summer 2015","Feb 2015",-708.6,"Trade Out","Southern MDB","Water resource type (surface)","Surface water"
"VIC","Loddon","FY 2014-15","Summer 2015","Feb 2015",51.7,"Trade In","Southern MDB","Water resource type (surface)","Surface water"
"VIC","Loddon","FY 2014-15","Summer 2015","Feb 2015",183,"Internal Trade","Southern MDB","Water resource type (surface)","Surface water"
"VIC","Loddon","FY 2014-15","Summer 2015","Jan 2015",-323.7,"Trade Out","Southern MDB","Water resource type (surface)","Surface water"
"VIC","Loddon","FY 2014-15","Summer 2015","Jan 2015",678,"Internal Trade","Southern MDB","Water resource type (surface)","Surface water"
"VIC","Loddon","FY 2014-15","Winter 2014","Aug 2014",-270,"Trade Out","Southern MDB","Water resource type (surface)","Surface water"
"VIC","Loddon","FY 2014-15","Winter 2014","Aug 2014",100,"Internal Trade","Southern MDB","Water resource type (surface)","Surface water"
"VIC","Loddon","FY 2014-15","Winter 2014","Jul 2014",1280,"Trade In","Southern MDB","Water resource type (surface)","Surface water"
"VIC","Loddon","FY 2014-15","Winter 2015","Jun 2015",-311.8,"Trade Out","Southern MDB","Water resource type (surface)","Surface water"
"VIC","Loddon","FY 2014-15","Winter 2015","Jun 2015",88.5,"Trade In","Southern MDB","Water resource type (surface)","Surface water"
"VIC","Loddon","FY 2014-15","Winter 2015","Jun 2015",477.7,"Internal Trade","Southern MDB","Water resource type (surface)","Surface water"
"VIC","Murray","FY 2014-15","Autumn 2015","Apr 2015",-205630.3,"Trade Out","Southern MDB","Water resource type (surface)","Surface water"
"VIC","Murray","FY 2014-15","Autumn 2015","Apr 2015",7288.7,"Trade In","Southern MDB","Water resource type (surface)","Surface water"
"VIC","Murray","FY 2014-15","Autumn 2015","Apr 2015",50603.8,"Internal Trade","Southern MDB","Water resource type (surface)","Surface water"
"VIC","Murray","FY 2014-15","Autumn 2015","Mar 2015",-32846.2,"Trade Out","Southern MDB","Water resource type (surface)","Surface water"
"VIC","Murray","FY 2014-15","Autumn 2015","Mar 2015",16283.4,"Trade In","Southern MDB","Water resource type (surface)","Surface water"
"VIC","Murray","FY 2014-15","Autumn 2015","Mar 2015",40727.2,"Internal Trade","Southern MDB","Water resource type (surface)","Surface water"
"VIC","Murray","FY 2014-15","Autumn 2015","May 2015",-41614.5,"Trade Out","Southern MDB","Water resource type (surface)","Surface water"
"VIC","Murray","FY 2014-15","Autumn 2015","May 2015",3470.2,"Trade In","Southern MDB","Water resource type (surface)","Surface water"
"VIC","Murray","FY 2014-15","Autumn 2015","May 2015",24095,"Internal Trade","Southern MDB","Water resource type (surface)","Surface water"
"VIC","Murray","FY 2014-15","Spring 2014","Nov 2014",-20446.8,"Trade Out","Southern MDB","Water resource type (surface)","Surface water"
"VIC","Murray","FY 2014-15","Spring 2014","Nov 2014",41210.9,"Internal Trade","Southern MDB","Water resource type (surface)","Surface water"
"VIC","Murray","FY 2014-15","Spring 2014","Nov 2014",42495.1,"Trade In","Southern MDB","Water resource type (surface)","Surface water"
"VIC","Murray","FY 2014-15","Spring 2014","Oct 2014",-113898.4,"Trade Out","Southern MDB","Water resource type (surface)","Surface water"
"VIC","Murray","FY 2014-15","Spring 2014","Oct 2014",3043.3,"Trade In","Southern MDB","Water resource type (surface)","Surface water"
"VIC","Murray","FY 2014-15","Spring 2014","Oct 2014",46494.9,"Internal Trade","Southern MDB","Water resource type (surface)","Surface water"
"VIC","Murray","FY 2014-15","Spring 2014","Sep 2014",-12120.1,"Trade Out","Southern MDB","Water resource type (surface)","Surface water"
"VIC","Murray","FY 2014-15","Spring 2014","Sep 2014",84771.9,"Internal Trade","Southern MDB","Water resource type (surface)","Surface water"
"VIC","Murray","FY 2014-15","Summer 2015","Dec 2014",-165734.1,"Trade Out","Southern MDB","Water resource type (surface)","Surface water"
"VIC","Murray","FY 2014-15","Summer 2015","Dec 2014",12303,"Trade In","Southern MDB","Water resource type (surface)","Surface water"
"VIC","Murray","FY 2014-15","Summer 2015","Dec 2014",41697.9,"Internal Trade","Southern MDB","Water resource type (surface)","Surface water"
"VIC","Murray","FY 2014-15","Summer 2015","Feb 2015",-17087.8,"Trade Out","Southern MDB","Water resource type (surface)","Surface water"
"VIC","Murray","FY 2014-15","Summer 2015","Feb 2015",11557.7,"Trade In","Southern MDB","Water resource type (surface)","Surface water"
"VIC","Murray","FY 2014-15","Summer 2015","Feb 2015",31454.9,"Internal Trade","Southern MDB","Water resource type (surface)","Surface water"
"VIC","Murray","FY 2014-15","Summer 2015","Jan 2015",-111301.2,"Trade Out","Southern MDB","Water resource type (surface)","Surface water"
"VIC","Murray","FY 2014-15","Summer 2015","Jan 2015",7907.9,"Trade In","Southern MDB","Water resource type (surface)","Surface water"
"VIC","Murray","FY 2014-15","Summer 2015","Jan 2015",31404.9,"Internal Trade","Southern MDB","Water resource type (surface)","Surface water"
"VIC","Murray","FY 2014-15","Winter 2014","Aug 2014",-9912.5,"Trade Out","Southern MDB","Water resource type (surface)","Surface water"
"VIC","Murray","FY 2014-15","Winter 2014","Aug 2014",38560.5,"Internal Trade","Southern MDB","Water resource type (surface)","Surface water"
"VIC","Murray","FY 2014-15","Winter 2014","Jul 2014",-3333.8,"Trade Out","Southern MDB","Water resource type (surface)","Surface water"
"VIC","Murray","FY 2014-15","Winter 2014","Jul 2014",49794.7,"Trade In","Southern MDB","Water resource type (surface)","Surface water"
"VIC","Murray","FY 2014-15","Winter 2014","Jul 2014",55904.4,"Internal Trade","Southern MDB","Water resource type (surface)","Surface water"
"VIC","Murray","FY 2014-15","Winter 2015","Jun 2015",-29314.2,"Trade Out","Southern MDB","Water resource type (surface)","Surface water"
"VIC","Murray","FY 2014-15","Winter 2015","Jun 2015",4528.3,"Trade In","Southern MDB","Water resource type (surface)","Surface water"
"VIC","Murray","FY 2014-15","Winter 2015","Jun 2015",86733.2,"Internal Trade","Southern MDB","Water resource type (surface)","Surface water"
"VIC","Not Specified","FY 2014-15","Autumn 2015","Apr 2015",4952.5,"Trade In","Southern MDB","Water resource type (surface)","Surface water"
"VIC","Not Specified","FY 2014-15","Autumn 2015","Mar 2015",10755.4,"Trade In","Southern MDB","Water resource type (surface)","Surface water"
"VIC","Not Specified","FY 2014-15","Autumn 2015","May 2015",20970,"Trade In","Southern MDB","Water resource type (surface)","Surface water"
"VIC","Not Specified","FY 2014-15","Spring 2014","Nov 2014",4814.9,"Trade In","Southern MDB","Water resource type (surface)","Surface water"
"VIC","Not Specified","FY 2014-15","Spring 2014","Oct 2014",108438,"Trade In","Southern MDB","Water resource type (surface)","Surface water"
"VIC","Not Specified","FY 2014-15","Spring 2014","Sep 2014",6650,"Trade In","Southern MDB","Water resource type (surface)","Surface water"
"VIC","Not Specified","FY 2014-15","Summer 2015","Dec 2014",3737,"Trade In","Southern MDB","Water resource type (surface)","Surface water"
"VIC","Not Specified","FY 2014-15","Summer 2015","Feb 2015",6747.1,"Trade In","Southern MDB","Water resource type (surface)","Surface water"
"VIC","Not Specified","FY 2014-15","Summer 2015","Jan 2015",4975,"Trade In","Southern MDB","Water resource type (surface)","Surface water"
"VIC","Not Specified","FY 2014-15","Winter 2014","Aug 2014",6767.4,"Trade In","Southern MDB","Water resource type (surface)","Surface water"
"VIC","Not Specified","FY 2014-15","Winter 2014","Jul 2014",155,"Trade In","Southern MDB","Water resource type (surface)","Surface water"
"VIC","Not Specified","FY 2014-15","Winter 2015","Jun 2015",14519.5,"Trade In","Southern MDB","Water resource type (surface)","Surface water"
"VIC","Ovens","FY 2014-15","Autumn 2015","May 2015",205,"Internal Trade","Southern MDB","Water resource type (surface)","Surface water"
"VIC","Ovens","FY 2014-15","Spring 2014","Oct 2014",150,"Internal Trade","Southern MDB","Water resource type (surface)","Surface water"
"VIC","Ovens","FY 2014-15","Spring 2014","Sep 2014",15,"Internal Trade","Southern MDB","Water resource type (surface)","Surface water"
"VIC","Ovens","FY 2014-15","Summer 2015","Dec 2014",85,"Internal Trade","Southern MDB","Water resource type (surface)","Surface water"
"VIC","Ovens","FY 2014-15","Summer 2015","Feb 2015",3,"Internal Trade","Southern MDB","Water resource type (surface)","Surface water"
"VIC","Ovens","FY 2014-15","Summer 2015","Jan 2015",2,"Internal Trade","Southern MDB","Water resource type (surface)","Surface water"
"VIC","Ovens","FY 2014-15","Winter 2014","Jul 2014",74,"Internal Trade","Southern MDB","Water resource type (surface)","Surface water"
"VIC","Ovens","FY 2014-15","Winter 2015","Jun 2015",559,"Internal Trade","Southern MDB","Water resource type (surface)","Surface water"
"VIC","Thomson/Macalister","FY 2014-15","Autumn 2015","Apr 2015",884.4,"Internal Trade","Southern MDB","Water resource type (surface)","Surface water"
"VIC","Thomson/Macalister","FY 2014-15","Autumn 2015","Mar 2015",1033.5,"Internal Trade","Southern MDB","Water resource type (surface)","Surface water"
"VIC","Thomson/Macalister","FY 2014-15","Autumn 2015","May 2015",431.5,"Internal Trade","Southern MDB","Water resource type (surface)","Surface water"
"VIC","Thomson/Macalister","FY 2014-15","Spring 2014","Nov 2014",823.2,"Internal Trade","Southern MDB","Water resource type (surface)","Surface water"
"VIC","Thomson/Macalister","FY 2014-15","Spring 2014","Oct 2014",892.6,"Internal Trade","Southern MDB","Water resource type (surface)","Surface water"
"VIC","Thomson/Macalister","FY 2014-15","Spring 2014","Sep 2014",802.4,"Internal Trade","Southern MDB","Water resource type (surface)","Surface water"
"VIC","Thomson/Macalister","FY 2014-15","Summer 2015","Dec 2014",966.5,"Internal Trade","Southern MDB","Water resource type (surface)","Surface water"
"VIC","Thomson/Macalister","FY 2014-15","Summer 2015","Feb 2015",1054.8,"Internal Trade","Southern MDB","Water resource type (surface)","Surface water"
"VIC","Thomson/Macalister","FY 2014-15","Summer 2015","Jan 2015",473.3,"Internal Trade","Southern MDB","Water resource type (surface)","Surface water"
"VIC","Thomson/Macalister","FY 2014-15","Winter 2014","Aug 2014",1599.5,"Internal Trade","Southern MDB","Water resource type (surface)","Surface water"
"VIC","Thomson/Macalister","FY 2014-15","Winter 2014","Jul 2014",105,"Internal Trade","Southern MDB","Water resource type (surface)","Surface water"
"VIC","Thomson/Macalister","FY 2014-15","Winter 2015","Jun 2015",634.7,"Internal Trade","Southern MDB","Water resource type (surface)","Surface water"
"VIC","Werribee","FY 2014-15","Autumn 2015","Apr 2015",517.8,"Internal Trade","Southern MDB","Water resource type (surface)","Surface water"
"VIC","Werribee","FY 2014-15","Autumn 2015","Mar 2015",338.6,"Internal Trade","Southern MDB","Water resource type (surface)","Surface water"
"VIC","Werribee","FY 2014-15","Autumn 2015","May 2015",275.7,"Internal Trade","Southern MDB","Water resource type (surface)","Surface water"
"VIC","Werribee","FY 2014-15","Spring 2014","Nov 2014",203,"Internal Trade","Southern MDB","Water resource type (surface)","Surface water"
"VIC","Werribee","FY 2014-15","Spring 2014","Oct 2014",116.6,"Internal Trade","Southern MDB","Water resource type (surface)","Surface water"
"VIC","Werribee","FY 2014-15","Spring 2014","Sep 2014",578.2,"Internal Trade","Southern MDB","Water resource type (surface)","Surface water"
"VIC","Werribee","FY 2014-15","Summer 2015","Dec 2014",198.2,"Internal Trade","Southern MDB","Water resource type (surface)","Surface water"
"VIC","Werribee","FY 2014-15","Summer 2015","Feb 2015",256.2,"Internal Trade","Southern MDB","Water resource type (surface)","Surface water"
"VIC","Werribee","FY 2014-15","Summer 2015","Jan 2015",312.2,"Internal Trade","Southern MDB","Water resource type (surface)","Surface water"
"VIC","Werribee","FY 2014-15","Winter 2014","Jul 2014",42.2,"Internal Trade","Southern MDB","Water resource type (surface)","Surface water"
"VIC","Werribee","FY 2014-15","Winter 2015","Jun 2015",310.7,"Internal Trade","Southern MDB","Water resource type (surface)","Surface water"
"VIC","Wimmera-Avon","FY 2014-15","Autumn 2015","Mar 2015",2861,"Internal Trade","Southern MDB","Water resource type (surface)","Surface water"
"VIC","Wimmera-Avon","FY 2014-15","Summer 2015","Feb 2015",5000,"Internal Trade","Southern MDB","Water resource type (surface)","Surface water"
"VIC","Wimmera-Avon","FY 2014-15","Winter 2015","Jun 2015",13.7,"Internal Trade","Southern MDB","Water resource type (surface)","Surface water"
