"NSW","Murray","FY 2014-15","Winter 2014","Jul 2014",0,1300,0,1300,"Northern MDB","Water resource type (surface)","Surface water"
"NSW","Murrumbidgee","FY 2014-15","Autumn 2015","Apr 2015",10671,460,0,460,"Northern MDB","Water resource type (surface)","Surface water"
"VIC","Broken","FY 2014-15","Spring 2014","Sep 2014",0,250,-250,0,"Southern MDB","Water resource type (surface)","Surface water"
"VIC","Broken","FY 2014-15","Summer 2015","Feb 2015",209.5,0,-1012.2,-1012.2,"Southern MDB","Water resource type (surface)","Surface water"
"VIC","Broken","FY 2014-15","Winter 2014","Jul 2014",0,0,-1500,-1500,"Southern MDB","Water resource type (surface)","Surface water"
"VIC","Bullarook","FY 2014-15","Summer 2015","Feb 2015",30,0,0,0,"Southern MDB","Water resource type (surface)","Surface water"
"VIC","Campaspe","FY 2014-15","Autumn 2015","Mar 2015",114.6,35,-2823.5,-2788.5,"Southern MDB","Water resource type (surface)","Surface water"
"VIC","Loddon","FY 2014-15","Autumn 2015","Mar 2015",244,16,-1941.1,-1925.1,"Southern MDB","Water resource type (surface)","Surface water"
"VIC","Loddon","FY 2014-15","Autumn 2015","May 2015",0,85,-334.2,-249.2,"Southern MDB","Water resource type (surface)","Surface water"
"VIC","Loddon","FY 2014-15","Winter 2015","Jun 2015",477.7,88.5,-311.8,-223.3,"Southern MDB","Water resource type (surface)","Surface water"
"VIC","Murray","FY 2014-15","Winter 2015","Jun 2015",86733.2,4528.3,-29314.2,-24785.9,"Southern MDB","Water resource type (surface)","Surface water"
"VIC","Not Specified","FY 2014-15","Spring 2014","Nov 2014",0,4814.9,0,4814.9,"Southern MDB","Water resource type (surface)","Surface water"
"VIC","Thomson/Macalister","FY 2014-15","Autumn 2015","Mar 2015",1033.5,0,0,0,"Southern MDB","Water resource type (surface)","Surface water"
"VIC","Thomson/Macalister","FY 2014-15","Summer 2015","Dec 2014",966.5,0,0,0,"Southern MDB","Water resource type (surface)","Surface water"
"NSW","Murray","FY 2014-15","Summer 2015","Feb 2015",0,1316.9,0,1316.9,"Northern MDB","Water resource type (surface)","Surface water"
"NSW","Murray","FY 2014-15","Summer 2015","Jan 2015",0,2954.9,0,2954.9,"Northern MDB","Water resource type (surface)","Surface water"
"NSW","Murray","FY 2014-15","Winter 2014","Aug 2014",0,395.6,0,395.6,"Northern MDB","Water resource type (surface)","Surface water"
"NSW","Murrumbidgee","FY 2014-15","Spring 2014","Oct 2014",27824,0,0,0,"Northern MDB","Water resource type (surface)","Surface water"
"NSW","Not Specified","FY 2014-15","Autumn 2015","Mar 2015",0,437,0,437,"Northern MDB","Water resource type (surface)","Surface water"
"NSW","Not Specified","FY 2014-15","Spring 2014","Sep 2014",0,487,0,487,"Northern MDB","Water resource type (surface)","Surface water"
"VIC","Broken","FY 2014-15","Spring 2014","Oct 2014",141.3,1314,-1307.6,6.4,"Southern MDB","Water resource type (surface)","Surface water"
"VIC","Bullarook","FY 2014-15","Autumn 2015","May 2015",29,0,0,0,"Southern MDB","Water resource type (surface)","Surface water"
"VIC","Goulburn","FY 2014-15","Winter 2014","Aug 2014",32355.8,8035.9,-10,8025.9,"Southern MDB","Water resource type (surface)","Surface water"
"VIC","Loddon","FY 2014-15","Winter 2014","Jul 2014",0,1280,0,1280,"Southern MDB","Water resource type (surface)","Surface water"
"VIC","Murray","FY 2014-15","Autumn 2015","Mar 2015",40727.2,16283.4,-32846.2,-16562.8,"Southern MDB","Water resource type (surface)","Surface water"
"VIC","Not Specified","FY 2014-15","Autumn 2015","Apr 2015",0,4952.5,0,4952.5,"Southern MDB","Water resource type (surface)","Surface water"
"VIC","Not Specified","FY 2014-15","Summer 2015","Dec 2014",0,3737,0,3737,"Southern MDB","Water resource type (surface)","Surface water"
"VIC","Not Specified","FY 2014-15","Winter 2014","Aug 2014",0,6767.4,0,6767.4,"Southern MDB","Water resource type (surface)","Surface water"
"VIC","Not Specified","FY 2014-15","Winter 2014","Jul 2014",0,155,0,155,"Southern MDB","Water resource type (surface)","Surface water"
"VIC","Ovens","FY 2014-15","Winter 2014","Jul 2014",74,0,0,0,"Southern MDB","Water resource type (surface)","Surface water"
"VIC","Thomson/Macalister","FY 2014-15","Autumn 2015","May 2015",431.5,0,0,0,"Southern MDB","Water resource type (surface)","Surface water"
"VIC","Thomson/Macalister","FY 2014-15","Spring 2014","Sep 2014",802.4,0,0,0,"Southern MDB","Water resource type (surface)","Surface water"
"VIC","Werribee","FY 2014-15","Autumn 2015","May 2015",275.7,0,0,0,"Southern MDB","Water resource type (surface)","Surface water"
"NSW","Murray","FY 2014-15","Autumn 2015","Mar 2015",0,576,0,576,"Northern MDB","Water resource type (surface)","Surface water"
"NSW","Murray","FY 2014-15","Spring 2014","Oct 2014",0,400,0,400,"Northern MDB","Water resource type (surface)","Surface water"
"NSW","Not Specified","FY 2014-15","Autumn 2015","Apr 2015",0,1717,0,1717,"Northern MDB","Water resource type (surface)","Surface water"
"NSW","Not Specified","FY 2014-15","Summer 2015","Dec 2014",0,1103,0,1103,"Northern MDB","Water resource type (surface)","Surface water"
"VIC","Broken","FY 2014-15","Autumn 2015","Apr 2015",50,0,0,0,"Southern MDB","Water resource type (surface)","Surface water"
"VIC","Broken","FY 2014-15","Summer 2015","Dec 2014",30,0,-609.4,-609.4,"Southern MDB","Water resource type (surface)","Surface water"
"VIC","Campaspe","FY 2014-15","Autumn 2015","Apr 2015",0,47.5,-449.8,-402.3,"Southern MDB","Water resource type (surface)","Surface water"
"VIC","Goulburn","FY 2014-15","Autumn 2015","Mar 2015",60720.6,32559.5,-14492.2,18067.3,"Southern MDB","Water resource type (surface)","Surface water"
"VIC","Goulburn","FY 2014-15","Spring 2014","Sep 2014",81864.1,10610,-1300,9310,"Southern MDB","Water resource type (surface)","Surface water"
"VIC","Goulburn","FY 2014-15","Summer 2015","Feb 2015",30166.4,14547.3,-10881.7,3665.6,"Southern MDB","Water resource type (surface)","Surface water"
"VIC","Loddon","FY 2014-15","Autumn 2015","Apr 2015",52.1,315,-249,66,"Southern MDB","Water resource type (surface)","Surface water"
"VIC","Loddon","FY 2014-15","Spring 2014","Nov 2014",480,40,-504.4,-464.4,"Southern MDB","Water resource type (surface)","Surface water"
"VIC","Loddon","FY 2014-15","Spring 2014","Oct 2014",71,30,-277.7,-247.7,"Southern MDB","Water resource type (surface)","Surface water"
"VIC","Murray","FY 2014-15","Spring 2014","Oct 2014",46494.9,3043.3,-113898.4,-110855.1,"Southern MDB","Water resource type (surface)","Surface water"
"VIC","Murray","FY 2014-15","Summer 2015","Feb 2015",31454.9,11557.7,-17087.8,-5530.1,"Southern MDB","Water resource type (surface)","Surface water"
"VIC","Thomson/Macalister","FY 2014-15","Autumn 2015","Apr 2015",884.4,0,0,0,"Southern MDB","Water resource type (surface)","Surface water"
"VIC","Thomson/Macalister","FY 2014-15","Spring 2014","Oct 2014",892.6,0,0,0,"Southern MDB","Water resource type (surface)","Surface water"
"VIC","Thomson/Macalister","FY 2014-15","Winter 2014","Jul 2014",105,0,0,0,"Southern MDB","Water resource type (surface)","Surface water"
"VIC","Thomson/Macalister","FY 2014-15","Winter 2015","Jun 2015",634.7,0,0,0,"Southern MDB","Water resource type (surface)","Surface water"
"VIC","Wimmera-Avon","FY 2014-15","Summer 2015","Feb 2015",5000,0,0,0,"Southern MDB","Water resource type (surface)","Surface water"
"NSW","Murray","FY 2014-15","Autumn 2015","May 2015",0,37,0,37,"Northern MDB","Water resource type (surface)","Surface water"
"NSW","Murrumbidgee","FY 2014-15","Spring 2014","Nov 2014",19827,3200,0,3200,"Northern MDB","Water resource type (surface)","Surface water"
"NSW","Murrumbidgee","FY 2014-15","Summer 2015","Dec 2014",22073,4923,0,4923,"Northern MDB","Water resource type (surface)","Surface water"
"NSW","Murrumbidgee","FY 2014-15","Summer 2015","Feb 2015",8738,170,0,170,"Northern MDB","Water resource type (surface)","Surface water"
"VIC","Broken","FY 2014-15","Autumn 2015","May 2015",4,0,0,0,"Southern MDB","Water resource type (surface)","Surface water"
"VIC","Bullarook","FY 2014-15","Winter 2015","Jun 2015",53.5,0,0,0,"Southern MDB","Water resource type (surface)","Surface water"
"VIC","Goulburn","FY 2014-15","Autumn 2015","May 2015",107641.6,6637.4,-4613,2024.4,"Southern MDB","Water resource type (surface)","Surface water"
"VIC","Goulburn","FY 2014-15","Spring 2014","Nov 2014",34336.1,8171,-45206.9,-37035.9,"Southern MDB","Water resource type (surface)","Surface water"
"VIC","Goulburn","FY 2014-15","Spring 2014","Oct 2014",36538.6,5421.8,-1998.5,3423.3,"Southern MDB","Water resource type (surface)","Surface water"
"VIC","Goulburn","FY 2014-15","Winter 2014","Jul 2014",106700.8,2972.8,-50813.7,-47840.9,"Southern MDB","Water resource type (surface)","Surface water"
"VIC","Murray","FY 2014-15","Spring 2014","Nov 2014",41210.9,42495.1,-20446.8,22048.3,"Southern MDB","Water resource type (surface)","Surface water"
"VIC","Murray","FY 2014-15","Winter 2014","Jul 2014",55904.4,49794.7,-3333.8,46460.9,"Southern MDB","Water resource type (surface)","Surface water"
"VIC","Ovens","FY 2014-15","Spring 2014","Sep 2014",15,0,0,0,"Southern MDB","Water resource type (surface)","Surface water"
"VIC","Werribee","FY 2014-15","Summer 2015","Jan 2015",312.2,0,0,0,"Southern MDB","Water resource type (surface)","Surface water"
"VIC","Wimmera-Avon","FY 2014-15","Autumn 2015","Mar 2015",2861,0,0,0,"Southern MDB","Water resource type (surface)","Surface water"
"NSW","Murrumbidgee","FY 2014-15","Autumn 2015","Mar 2015",23173,750,0,750,"Northern MDB","Water resource type (surface)","Surface water"
"NSW","Murrumbidgee","FY 2014-15","Autumn 2015","May 2015",20615,0,0,0,"Northern MDB","Water resource type (surface)","Surface water"
"NSW","Murrumbidgee","FY 2014-15","Summer 2015","Jan 2015",16146,19024.6,0,19024.6,"Northern MDB","Water resource type (surface)","Surface water"
"NSW","Murrumbidgee","FY 2014-15","Winter 2014","Aug 2014",18755,0,0,0,"Northern MDB","Water resource type (surface)","Surface water"
"NSW","Murrumbidgee","FY 2014-15","Winter 2014","Jul 2014",9925,0,0,0,"Northern MDB","Water resource type (surface)","Surface water"
"NSW","Not Specified","FY 2014-15","Winter 2014","Aug 2014",0,3177,0,3177,"Northern MDB","Water resource type (surface)","Surface water"
"VIC","Campaspe","FY 2014-15","Spring 2014","Nov 2014",85.8,839,-792.6,46.4,"Southern MDB","Water resource type (surface)","Surface water"
"VIC","Campaspe","FY 2014-15","Spring 2014","Oct 2014",6715.9,137.8,-779.6,-641.8,"Southern MDB","Water resource type (surface)","Surface water"
"VIC","Campaspe","FY 2014-15","Winter 2014","Aug 2014",2,10,-663,-653,"Southern MDB","Water resource type (surface)","Surface water"
"VIC","Loddon","FY 2014-15","Spring 2014","Sep 2014",3548.5,100,0,100,"Southern MDB","Water resource type (surface)","Surface water"
"VIC","Loddon","FY 2014-15","Summer 2015","Jan 2015",678,0,-323.7,-323.7,"Southern MDB","Water resource type (surface)","Surface water"
"VIC","Murray","FY 2014-15","Summer 2015","Dec 2014",41697.9,12303,-165734.1,-153431.1,"Southern MDB","Water resource type (surface)","Surface water"
"VIC","Not Specified","FY 2014-15","Spring 2014","Oct 2014",0,108438,0,108438,"Southern MDB","Water resource type (surface)","Surface water"
"VIC","Not Specified","FY 2014-15","Spring 2014","Sep 2014",0,6650,0,6650,"Southern MDB","Water resource type (surface)","Surface water"
"VIC","Not Specified","FY 2014-15","Winter 2015","Jun 2015",0,14519.5,0,14519.5,"Southern MDB","Water resource type (surface)","Surface water"
"VIC","Ovens","FY 2014-15","Summer 2015","Jan 2015",2,0,0,0,"Southern MDB","Water resource type (surface)","Surface water"
"VIC","Werribee","FY 2014-15","Autumn 2015","Mar 2015",338.6,0,0,0,"Southern MDB","Water resource type (surface)","Surface water"
"VIC","Werribee","FY 2014-15","Spring 2014","Oct 2014",116.6,0,0,0,"Southern MDB","Water resource type (surface)","Surface water"
"VIC","Werribee","FY 2014-15","Winter 2015","Jun 2015",310.7,0,0,0,"Southern MDB","Water resource type (surface)","Surface water"
"VIC","Wimmera-Avon","FY 2014-15","Winter 2015","Jun 2015",13.7,0,0,0,"Southern MDB","Water resource type (surface)","Surface water"
"NSW","Murray","FY 2014-15","Autumn 2015","Apr 2015",0,694.6,0,694.6,"Northern MDB","Water resource type (surface)","Surface water"
"NSW","Murray","FY 2014-15","Summer 2015","Dec 2014",0,1470,0,1470,"Northern MDB","Water resource type (surface)","Surface water"
"NSW","Murrumbidgee","FY 2014-15","Winter 2015","Jun 2015",21057,0,0,0,"Northern MDB","Water resource type (surface)","Surface water"
"NSW","Not Specified","FY 2014-15","Spring 2014","Nov 2014",0,7902.6,0,7902.6,"Northern MDB","Water resource type (surface)","Surface water"
"NSW","Not Specified","FY 2014-15","Summer 2015","Jan 2015",0,1444.5,0,1444.5,"Northern MDB","Water resource type (surface)","Surface water"
"NSW","Not Specified","FY 2014-15","Winter 2014","Jul 2014",0,1116,0,1116,"Northern MDB","Water resource type (surface)","Surface water"
"VIC","Campaspe","FY 2014-15","Autumn 2015","May 2015",323.7,1660.3,-233.7,1426.6,"Southern MDB","Water resource type (surface)","Surface water"
"VIC","Campaspe","FY 2014-15","Spring 2014","Sep 2014",0,1200,-1473.9,-273.9,"Southern MDB","Water resource type (surface)","Surface water"
"VIC","Campaspe","FY 2014-15","Summer 2015","Feb 2015",0,75,-1057,-982,"Southern MDB","Water resource type (surface)","Surface water"
"VIC","Goulburn","FY 2014-15","Autumn 2015","Apr 2015",23022.1,6928,-9447.9,-2519.9,"Southern MDB","Water resource type (surface)","Surface water"
"VIC","Goulburn","FY 2014-15","Summer 2015","Dec 2014",27715.2,15487.1,-14090,1397.1,"Southern MDB","Water resource type (surface)","Surface water"
"VIC","Not Specified","FY 2014-15","Autumn 2015","May 2015",0,20970,0,20970,"Southern MDB","Water resource type (surface)","Surface water"
"VIC","Not Specified","FY 2014-15","Summer 2015","Jan 2015",0,4975,0,4975,"Southern MDB","Water resource type (surface)","Surface water"
"VIC","Ovens","FY 2014-15","Spring 2014","Oct 2014",150,0,0,0,"Southern MDB","Water resource type (surface)","Surface water"
"VIC","Ovens","FY 2014-15","Summer 2015","Feb 2015",3,0,0,0,"Southern MDB","Water resource type (surface)","Surface water"
"VIC","Ovens","FY 2014-15","Winter 2015","Jun 2015",559,0,0,0,"Southern MDB","Water resource type (surface)","Surface water"
"VIC","Werribee","FY 2014-15","Autumn 2015","Apr 2015",517.8,0,0,0,"Southern MDB","Water resource type (surface)","Surface water"
"VIC","Werribee","FY 2014-15","Spring 2014","Sep 2014",578.2,0,0,0,"Southern MDB","Water resource type (surface)","Surface water"
"VIC","Werribee","FY 2014-15","Summer 2015","Feb 2015",256.2,0,0,0,"Southern MDB","Water resource type (surface)","Surface water"
"NSW","Murray","FY 2014-15","Spring 2014","Sep 2014",0,2131,0,2131,"Northern MDB","Water resource type (surface)","Surface water"
"NSW","Murrumbidgee","FY 2014-15","Spring 2014","Sep 2014",15710,0,0,0,"Northern MDB","Water resource type (surface)","Surface water"
"NSW","Not Specified","FY 2014-15","Spring 2014","Oct 2014",0,3580.3,0,3580.3,"Northern MDB","Water resource type (surface)","Surface water"
"VIC","Broken","FY 2014-15","Spring 2014","Nov 2014",53.8,0,-542,-542,"Southern MDB","Water resource type (surface)","Surface water"
"VIC","Broken","FY 2014-15","Summer 2015","Jan 2015",55,387.2,-1136,-748.8,"Southern MDB","Water resource type (surface)","Surface water"
"VIC","Campaspe","FY 2014-15","Summer 2015","Dec 2014",703.4,50,-746,-696,"Southern MDB","Water resource type (surface)","Surface water"
"VIC","Campaspe","FY 2014-15","Winter 2015","Jun 2015",140.8,115,-2424.1,-2309.1,"Southern MDB","Water resource type (surface)","Surface water"
"VIC","Murray","FY 2014-15","Spring 2014","Sep 2014",84771.9,0,-12120.1,-12120.1,"Southern MDB","Water resource type (surface)","Surface water"
"VIC","Murray","FY 2014-15","Winter 2014","Aug 2014",38560.5,0,-9912.5,-9912.5,"Southern MDB","Water resource type (surface)","Surface water"
"VIC","Thomson/Macalister","FY 2014-15","Spring 2014","Nov 2014",823.2,0,0,0,"Southern MDB","Water resource type (surface)","Surface water"
"VIC","Thomson/Macalister","FY 2014-15","Summer 2015","Feb 2015",1054.8,0,0,0,"Southern MDB","Water resource type (surface)","Surface water"
"VIC","Werribee","FY 2014-15","Spring 2014","Nov 2014",203,0,0,0,"Southern MDB","Water resource type (surface)","Surface water"
"VIC","Werribee","FY 2014-15","Summer 2015","Dec 2014",198.2,0,0,0,"Southern MDB","Water resource type (surface)","Surface water"
"NSW","Murray","FY 2014-15","Spring 2014","Nov 2014",0,3682.7,0,3682.7,"Northern MDB","Water resource type (surface)","Surface water"
"VIC","Broken","FY 2014-15","Autumn 2015","Mar 2015",50,0,-1110.9,-1110.9,"Southern MDB","Water resource type (surface)","Surface water"
"VIC","Broken","FY 2014-15","Winter 2015","Jun 2015",25,0,0,0,"Southern MDB","Water resource type (surface)","Surface water"
"VIC","Bullarook","FY 2014-15","Summer 2015","Dec 2014",73,0,0,0,"Southern MDB","Water resource type (surface)","Surface water"
"VIC","Campaspe","FY 2014-15","Summer 2015","Jan 2015",106.1,400,-508.5,-108.5,"Southern MDB","Water resource type (surface)","Surface water"
"VIC","Goulburn","FY 2014-15","Summer 2015","Jan 2015",25346.1,14104.8,-9613.9,4490.9,"Southern MDB","Water resource type (surface)","Surface water"
"VIC","Goulburn","FY 2014-15","Winter 2015","Jun 2015",48300,6567.1,-5093.4,1473.7,"Southern MDB","Water resource type (surface)","Surface water"
"VIC","Loddon","FY 2014-15","Summer 2015","Dec 2014",101.8,120,-491,-371,"Southern MDB","Water resource type (surface)","Surface water"
"VIC","Loddon","FY 2014-15","Summer 2015","Feb 2015",183,51.7,-708.6,-656.9,"Southern MDB","Water resource type (surface)","Surface water"
"VIC","Loddon","FY 2014-15","Winter 2014","Aug 2014",100,0,-270,-270,"Southern MDB","Water resource type (surface)","Surface water"
"VIC","Murray","FY 2014-15","Autumn 2015","Apr 2015",50603.8,7288.7,-205630.3,-198341.6,"Southern MDB","Water resource type (surface)","Surface water"
"VIC","Murray","FY 2014-15","Autumn 2015","May 2015",24095,3470.2,-41614.5,-38144.3,"Southern MDB","Water resource type (surface)","Surface water"
"VIC","Murray","FY 2014-15","Summer 2015","Jan 2015",31404.9,7907.9,-111301.2,-103393.3,"Southern MDB","Water resource type (surface)","Surface water"
"VIC","Not Specified","FY 2014-15","Autumn 2015","Mar 2015",0,10755.4,0,10755.4,"Southern MDB","Water resource type (surface)","Surface water"
"VIC","Not Specified","FY 2014-15","Summer 2015","Feb 2015",0,6747.1,0,6747.1,"Southern MDB","Water resource type (surface)","Surface water"
"VIC","Ovens","FY 2014-15","Autumn 2015","May 2015",205,0,0,0,"Southern MDB","Water resource type (surface)","Surface water"
"VIC","Ovens","FY 2014-15","Summer 2015","Dec 2014",85,0,0,0,"Southern MDB","Water resource type (surface)","Surface water"
"VIC","Thomson/Macalister","FY 2014-15","Summer 2015","Jan 2015",473.3,0,0,0,"Southern MDB","Water resource type (surface)","Surface water"
"VIC","Thomson/Macalister","FY 2014-15","Winter 2014","Aug 2014",1599.5,0,0,0,"Southern MDB","Water resource type (surface)","Surface water"
"VIC","Werribee","FY 2014-15","Winter 2014","Jul 2014",42.2,0,0,0,"Southern MDB","Water resource type (surface)","Surface water"
