"NSW","FY 2014-15",64450.7,"Trade In","Surface water"
"NSW","FY 2014-15",214514,"Internal Trade","Surface water"
"SA","FY 2014-15",-202613.3,"Trade Out","Surface water"
"SA","FY 2014-15",2735.955,"Internal Trade","Groundwater"
"SA","FY 2014-15",227043.166,"Internal Trade","Surface water"
"SA","FY 2014-15",600951.2,"Trade In","Surface water"
"VIC","FY 2014-15",-656270.4,"Trade Out","Surface water"
"VIC","FY 2014-15",193481.8,"Trade In","Surface water"
"VIC","FY 2014-15",1524479.9,"Internal Trade","Surface water"
