19/NOV/14,17/NOV/14,"Nov 2014","Spring 2014","FY 2014-15",15,,,,,"ML","No Price","Regulated River","Water resource type (surface)","Surface water",1,0
18/NOV/14,17/NOV/14,"Nov 2014","Spring 2014","FY 2014-15",50,,,,,"ML","No Price","Regulated River","Water resource type (surface)","Surface water",1,0
18/NOV/14,17/NOV/14,"Nov 2014","Spring 2014","FY 2014-15",50,,,,,"ML","No Price","Regulated River","Water resource type (surface)","Surface water",1,0
19/NOV/14,17/NOV/14,"Nov 2014","Spring 2014","FY 2014-15",793,,,,,"ML","No Price","Regulated River","Water resource type (surface)","Surface water",1,0
28/OCT/14,27/OCT/14,"Oct 2014","Spring 2014","FY 2014-15",167,,,,,"ML","No Price","Regulated River","Water resource type (surface)","Surface water",1,0
29/OCT/14,27/OCT/14,"Oct 2014","Spring 2014","FY 2014-15",10,,,,,"ML","No Price","Regulated River","Water resource type (surface)","Surface water",1,0
31/OCT/14,27/OCT/14,"Oct 2014","Spring 2014","FY 2014-15",5,,,,,"ML","No Price","Regulated River","Water resource type (surface)","Surface water",1,0
03/NOV/14,03/NOV/14,"Nov 2014","Spring 2014","FY 2014-15",1,,,,,"ML","No Price","Regulated River","Water resource type (surface)","Surface water",1,0
05/NOV/14,03/NOV/14,"Nov 2014","Spring 2014","FY 2014-15",17,,,,,"ML","No Price","Regulated River","Water resource type (surface)","Surface water",1,0
05/NOV/14,03/NOV/14,"Nov 2014","Spring 2014","FY 2014-15",30,,,,,"ML","No Price","Regulated River","Water resource type (surface)","Surface water",1,0
06/NOV/14,03/NOV/14,"Nov 2014","Spring 2014","FY 2014-15",686,,,,,"ML","No Price","Regulated River","Water resource type (surface)","Surface water",1,0
10/NOV/14,10/NOV/14,"Nov 2014","Spring 2014","FY 2014-15",8,,,,,"ML","No Price","Regulated River","Water resource type (surface)","Surface water",1,0
11/NOV/14,10/NOV/14,"Nov 2014","Spring 2014","FY 2014-15",30,,,,,"ML","No Price","Regulated River","Water resource type (surface)","Surface water",1,0
11/NOV/14,10/NOV/14,"Nov 2014","Spring 2014","FY 2014-15",50,,,,,"ML","No Price","Regulated River","Water resource type (surface)","Surface water",1,0
12/NOV/14,10/NOV/14,"Nov 2014","Spring 2014","FY 2014-15",37,,,,,"ML","No Price","Regulated River","Water resource type (surface)","Surface water",1,0
12/NOV/14,10/NOV/14,"Nov 2014","Spring 2014","FY 2014-15",50,,,,,"ML","No Price","Regulated River","Water resource type (surface)","Surface water",1,0
17/NOV/14,17/NOV/14,"Nov 2014","Spring 2014","FY 2014-15",201,,,,,"ML","No Price","Regulated River","Water resource type (surface)","Surface water",1,0
28/OCT/14,27/OCT/14,"Oct 2014","Spring 2014","FY 2014-15",100,,,,,"ML","No Price","Regulated River","Water resource type (surface)","Surface water",1,0
28/OCT/14,27/OCT/14,"Oct 2014","Spring 2014","FY 2014-15",50,,,,,"ML","No Price","Regulated River","Water resource type (surface)","Surface water",1,0
15/OCT/14,13/OCT/14,"Oct 2014","Spring 2014","FY 2014-15",1,,,,,"ML","No Price","Regulated River","Water resource type (surface)","Surface water",1,0
15/OCT/14,13/OCT/14,"Oct 2014","Spring 2014","FY 2014-15",1278,,,,,"ML","No Price","Regulated River","Water resource type (surface)","Surface water",1,0
15/OCT/14,13/OCT/14,"Oct 2014","Spring 2014","FY 2014-15",55,,,,,"ML","No Price","Regulated River","Water resource type (surface)","Surface water",1,0
15/OCT/14,13/OCT/14,"Oct 2014","Spring 2014","FY 2014-15",132,,,,,"ML","No Price","Regulated River","Water resource type (surface)","Surface water",1,0
17/OCT/14,13/OCT/14,"Oct 2014","Spring 2014","FY 2014-15",8,,,,,"ML","No Price","Regulated River","Water resource type (surface)","Surface water",1,0
17/OCT/14,13/OCT/14,"Oct 2014","Spring 2014","FY 2014-15",6,,,,,"ML","No Price","Regulated River","Water resource type (surface)","Surface water",1,0
18/OCT/14,13/OCT/14,"Oct 2014","Spring 2014","FY 2014-15",2,,,,,"ML","No Price","Regulated River","Water resource type (surface)","Surface water",1,0
21/OCT/14,20/OCT/14,"Oct 2014","Spring 2014","FY 2014-15",149,,,,,"ML","No Price","Regulated River","Water resource type (surface)","Surface water",1,0
23/OCT/14,20/OCT/14,"Oct 2014","Spring 2014","FY 2014-15",21,,,,,"ML","No Price","Regulated River","Water resource type (surface)","Surface water",1,0
24/OCT/14,20/OCT/14,"Oct 2014","Spring 2014","FY 2014-15",60,,,,,"ML","No Price","Regulated River","Water resource type (surface)","Surface water",1,0
27/OCT/14,27/OCT/14,"Oct 2014","Spring 2014","FY 2014-15",1400,,,,,"ML","No Price","Regulated River","Water resource type (surface)","Surface water",1,0
19/DEC/14,15/DEC/14,"Dec 2014","Summer 2015","FY 2014-15",10,,,,,"ML","No Price","Regulated River","Water resource type (surface)","Surface water",1,0
22/DEC/14,22/DEC/14,"Dec 2014","Summer 2015","FY 2014-15",500,,,,,"ML","No Price","Regulated River","Water resource type (surface)","Surface water",1,0
23/DEC/14,22/DEC/14,"Dec 2014","Summer 2015","FY 2014-15",208,,,,,"ML","No Price","Regulated River","Water resource type (surface)","Surface water",1,0
13/APR/15,13/APR/15,"Apr 2015","Autumn 2015","FY 2014-15",120,,,,,"ML","No Price","Regulated River","Water resource type (surface)","Surface water",1,0
16/APR/15,13/APR/15,"Apr 2015","Autumn 2015","FY 2014-15",1124,,,,,"ML","No Price","Regulated River","Water resource type (surface)","Surface water",1,0
25/SEP/14,22/SEP/14,"Sep 2014","Spring 2014","FY 2014-15",30,,,,,"ML","No Price","Regulated River","Water resource type (surface)","Surface water",1,0
29/SEP/14,29/SEP/14,"Sep 2014","Spring 2014","FY 2014-15",330,,,,,"ML","No Price","Regulated River","Water resource type (surface)","Surface water",1,0
30/SEP/14,29/SEP/14,"Sep 2014","Spring 2014","FY 2014-15",40,,,,,"ML","No Price","Regulated River","Water resource type (surface)","Surface water",1,0
30/SEP/14,29/SEP/14,"Sep 2014","Spring 2014","FY 2014-15",19,,,,,"ML","No Price","Regulated River","Water resource type (surface)","Surface water",1,0
30/SEP/14,29/SEP/14,"Sep 2014","Spring 2014","FY 2014-15",4,,,,,"ML","No Price","Regulated River","Water resource type (surface)","Surface water",1,0
16/JAN/15,12/JAN/15,"Jan 2015","Summer 2015","FY 2014-15",99,,,,,"ML","No Price","Regulated River","Water resource type (surface)","Surface water",1,0
08/SEP/14,08/SEP/14,"Sep 2014","Spring 2014","FY 2014-15",200,,,,,"ML","No Price","Regulated River","Water resource type (surface)","Surface water",1,0
10/SEP/14,08/SEP/14,"Sep 2014","Spring 2014","FY 2014-15",144,,,,,"ML","No Price","Regulated River","Water resource type (surface)","Surface water",1,0
10/SEP/14,08/SEP/14,"Sep 2014","Spring 2014","FY 2014-15",8,,,,,"ML","No Price","Regulated River","Water resource type (surface)","Surface water",1,0
10/SEP/14,08/SEP/14,"Sep 2014","Spring 2014","FY 2014-15",12,,,,,"ML","No Price","Regulated River","Water resource type (surface)","Surface water",1,0
15/DEC/14,15/DEC/14,"Dec 2014","Summer 2015","FY 2014-15",35,,,,,"ML","No Price","Regulated River","Water resource type (surface)","Surface water",1,0
15/DEC/14,15/DEC/14,"Dec 2014","Summer 2015","FY 2014-15",22,,,,,"ML","No Price","Regulated River","Water resource type (surface)","Surface water",1,0
15/DEC/14,15/DEC/14,"Dec 2014","Summer 2015","FY 2014-15",14,,,,,"ML","No Price","Regulated River","Water resource type (surface)","Surface water",1,0
02/OCT/14,29/SEP/14,"Oct 2014","Spring 2014","FY 2014-15",9,,,,,"ML","No Price","Regulated River","Water resource type (surface)","Surface water",1,0
25/AUG/14,25/AUG/14,"Aug 2014","Winter 2014","FY 2014-15",4,,,,,"ML","No Price","Regulated River","Water resource type (surface)","Surface water",1,0
27/AUG/14,25/AUG/14,"Aug 2014","Winter 2014","FY 2014-15",120,,,,,"ML","No Price","Regulated River","Water resource type (surface)","Surface water",1,0
28/AUG/14,25/AUG/14,"Aug 2014","Winter 2014","FY 2014-15",310,,,,,"ML","No Price","Regulated River","Water resource type (surface)","Surface water",1,0
28/AUG/14,25/AUG/14,"Aug 2014","Winter 2014","FY 2014-15",55,,,,,"ML","No Price","Regulated River","Water resource type (surface)","Surface water",1,0
28/AUG/14,25/AUG/14,"Aug 2014","Winter 2014","FY 2014-15",20,,,,,"ML","No Price","Regulated River","Water resource type (surface)","Surface water",1,0
29/AUG/14,25/AUG/14,"Aug 2014","Winter 2014","FY 2014-15",300,,,,,"ML","No Price","Regulated River","Water resource type (surface)","Surface water",1,0
29/AUG/14,25/AUG/14,"Aug 2014","Winter 2014","FY 2014-15",40,,,,,"ML","No Price","Regulated River","Water resource type (surface)","Surface water",1,0
02/SEP/14,01/SEP/14,"Sep 2014","Spring 2014","FY 2014-15",2,,,,,"ML","No Price","Regulated River","Water resource type (surface)","Surface water",1,0
24/FEB/15,23/FEB/15,"Feb 2015","Summer 2015","FY 2014-15",80,,,,,"ML","No Price","Regulated River","Water resource type (surface)","Surface water",1,0
25/FEB/15,23/FEB/15,"Feb 2015","Summer 2015","FY 2014-15",200,,,,,"ML","No Price","Regulated River","Water resource type (surface)","Surface water",1,0
26/FEB/15,23/FEB/15,"Feb 2015","Summer 2015","FY 2014-15",30,,,,,"ML","No Price","Regulated River","Water resource type (surface)","Surface water",1,0
27/FEB/15,23/FEB/15,"Feb 2015","Summer 2015","FY 2014-15",35,,,,,"ML","No Price","Regulated River","Water resource type (surface)","Surface water",1,0
05/MAR/15,02/MAR/15,"Mar 2015","Autumn 2015","FY 2014-15",278,,,,,"ML","No Price","Regulated River","Water resource type (surface)","Surface water",1,0
05/MAR/15,02/MAR/15,"Mar 2015","Autumn 2015","FY 2014-15",20,,,,,"ML","No Price","Regulated River","Water resource type (surface)","Surface water",1,0
10/MAR/15,09/MAR/15,"Mar 2015","Autumn 2015","FY 2014-15",249,,,,,"ML","No Price","Regulated River","Water resource type (surface)","Surface water",1,0
10/MAR/15,09/MAR/15,"Mar 2015","Autumn 2015","FY 2014-15",51,,,,,"ML","No Price","Regulated River","Water resource type (surface)","Surface water",1,0
11/MAR/15,09/MAR/15,"Mar 2015","Autumn 2015","FY 2014-15",34,,,,,"ML","No Price","Regulated River","Water resource type (surface)","Surface water",1,0
11/MAR/15,09/MAR/15,"Mar 2015","Autumn 2015","FY 2014-15",69,,,,,"ML","No Price","Regulated River","Water resource type (surface)","Surface water",1,0
11/MAR/15,09/MAR/15,"Mar 2015","Autumn 2015","FY 2014-15",11,,,,,"ML","No Price","Regulated River","Water resource type (surface)","Surface water",1,0
12/MAR/15,09/MAR/15,"Mar 2015","Autumn 2015","FY 2014-15",40,,,,,"ML","No Price","Regulated River","Water resource type (surface)","Surface water",1,0
12/MAR/15,09/MAR/15,"Mar 2015","Autumn 2015","FY 2014-15",8,,,,,"ML","No Price","Regulated River","Water resource type (surface)","Surface water",1,0
12/MAR/15,09/MAR/15,"Mar 2015","Autumn 2015","FY 2014-15",20,,,,,"ML","No Price","Regulated River","Water resource type (surface)","Surface water",1,0
25/MAR/15,23/MAR/15,"Mar 2015","Autumn 2015","FY 2014-15",38,,,,,"ML","No Price","Regulated River","Water resource type (surface)","Surface water",1,0
25/MAR/15,23/MAR/15,"Mar 2015","Autumn 2015","FY 2014-15",38,,,,,"ML","No Price","Regulated River","Water resource type (surface)","Surface water",1,0
11/DEC/14,08/DEC/14,"Dec 2014","Summer 2015","FY 2014-15",245,,,,,"ML","No Price","Regulated River","Water resource type (surface)","Surface water",1,0
11/DEC/14,08/DEC/14,"Dec 2014","Summer 2015","FY 2014-15",37,,,,,"ML","No Price","Regulated River","Water resource type (surface)","Surface water",1,0
11/DEC/14,08/DEC/14,"Dec 2014","Summer 2015","FY 2014-15",100,,,,,"ML","No Price","Regulated River","Water resource type (surface)","Surface water",1,0
11/DEC/14,08/DEC/14,"Dec 2014","Summer 2015","FY 2014-15",130,,,,,"ML","No Price","Regulated River","Water resource type (surface)","Surface water",1,0
12/DEC/14,08/DEC/14,"Dec 2014","Summer 2015","FY 2014-15",4,,,,,"ML","No Price","Regulated River","Water resource type (surface)","Surface water",1,0
12/DEC/14,08/DEC/14,"Dec 2014","Summer 2015","FY 2014-15",6,,,,,"ML","No Price","Regulated River","Water resource type (surface)","Surface water",1,0
12/DEC/14,08/DEC/14,"Dec 2014","Summer 2015","FY 2014-15",35,,,,,"ML","No Price","Regulated River","Water resource type (surface)","Surface water",1,0
12/DEC/14,08/DEC/14,"Dec 2014","Summer 2015","FY 2014-15",12,,,,,"ML","No Price","Regulated River","Water resource type (surface)","Surface water",1,0
12/DEC/14,08/DEC/14,"Dec 2014","Summer 2015","FY 2014-15",300,,,,,"ML","No Price","Regulated River","Water resource type (surface)","Surface water",1,0
15/DEC/14,15/DEC/14,"Dec 2014","Summer 2015","FY 2014-15",2,,,,,"ML","No Price","Regulated River","Water resource type (surface)","Surface water",1,0
02/SEP/14,01/SEP/14,"Sep 2014","Spring 2014","FY 2014-15",4,,,,,"ML","No Price","Regulated River","Water resource type (surface)","Surface water",1,0
02/SEP/14,01/SEP/14,"Sep 2014","Spring 2014","FY 2014-15",67,,,,,"ML","No Price","Regulated River","Water resource type (surface)","Surface water",1,0
02/SEP/14,01/SEP/14,"Sep 2014","Spring 2014","FY 2014-15",18,,,,,"ML","No Price","Regulated River","Water resource type (surface)","Surface water",1,0
03/SEP/14,01/SEP/14,"Sep 2014","Spring 2014","FY 2014-15",115,,,,,"ML","No Price","Regulated River","Water resource type (surface)","Surface water",1,0
04/SEP/14,01/SEP/14,"Sep 2014","Spring 2014","FY 2014-15",5,,,,,"ML","No Price","Regulated River","Water resource type (surface)","Surface water",1,0
23/JAN/15,19/JAN/15,"Jan 2015","Summer 2015","FY 2014-15",5,,,,,"ML","No Price","Regulated River","Water resource type (surface)","Surface water",1,0
01/JUL/14,30/JUN/14,"Jul 2014","Winter 2014","FY 2014-15",100,,,,,"ML","No Price","Regulated River","Water resource type (surface)","Surface water",1,0
01/JUL/14,30/JUN/14,"Jul 2014","Winter 2014","FY 2014-15",35,,,,,"ML","No Price","Regulated River","Water resource type (surface)","Surface water",1,0
26/MAR/15,23/MAR/15,"Mar 2015","Autumn 2015","FY 2014-15",7,,,,,"ML","No Price","Regulated River","Water resource type (surface)","Surface water",1,0
26/MAR/15,23/MAR/15,"Mar 2015","Autumn 2015","FY 2014-15",356,,,,,"ML","No Price","Regulated River","Water resource type (surface)","Surface water",1,0
30/MAR/15,30/MAR/15,"Mar 2015","Autumn 2015","FY 2014-15",50,,,,,"ML","No Price","Regulated River","Water resource type (surface)","Surface water",1,0
30/MAR/15,30/MAR/15,"Mar 2015","Autumn 2015","FY 2014-15",5,,,,,"ML","No Price","Regulated River","Water resource type (surface)","Surface water",1,0
30/MAR/15,30/MAR/15,"Mar 2015","Autumn 2015","FY 2014-15",19,,,,,"ML","No Price","Regulated River","Water resource type (surface)","Surface water",1,0
30/MAR/15,30/MAR/15,"Mar 2015","Autumn 2015","FY 2014-15",80,,,,,"ML","No Price","Regulated River","Water resource type (surface)","Surface water",1,0
31/MAR/15,30/MAR/15,"Mar 2015","Autumn 2015","FY 2014-15",4,,,,,"ML","No Price","Regulated River","Water resource type (surface)","Surface water",1,0
01/APR/15,30/MAR/15,"Apr 2015","Autumn 2015","FY 2014-15",17,,,,,"ML","No Price","Regulated River","Water resource type (surface)","Surface water",1,0
07/APR/15,06/APR/15,"Apr 2015","Autumn 2015","FY 2014-15",18,,,,,"ML","No Price","Regulated River","Water resource type (surface)","Surface water",1,0
09/APR/15,06/APR/15,"Apr 2015","Autumn 2015","FY 2014-15",1,,,,,"ML","No Price","Regulated River","Water resource type (surface)","Surface water",1,0
09/APR/15,06/APR/15,"Apr 2015","Autumn 2015","FY 2014-15",9,,,,,"ML","No Price","Regulated River","Water resource type (surface)","Surface water",1,0
16/APR/15,13/APR/15,"Apr 2015","Autumn 2015","FY 2014-15",55,,,,,"ML","No Price","Regulated River","Water resource type (surface)","Surface water",1,0
20/APR/15,20/APR/15,"Apr 2015","Autumn 2015","FY 2014-15",26,,,,,"ML","No Price","Regulated River","Water resource type (surface)","Surface water",1,0
22/APR/15,20/APR/15,"Apr 2015","Autumn 2015","FY 2014-15",55,,,,,"ML","No Price","Regulated River","Water resource type (surface)","Surface water",1,0
22/APR/15,20/APR/15,"Apr 2015","Autumn 2015","FY 2014-15",80,,,,,"ML","No Price","Regulated River","Water resource type (surface)","Surface water",1,0
22/APR/15,20/APR/15,"Apr 2015","Autumn 2015","FY 2014-15",20,,,,,"ML","No Price","Regulated River","Water resource type (surface)","Surface water",1,0
28/APR/15,27/APR/15,"Apr 2015","Autumn 2015","FY 2014-15",10,,,,,"ML","No Price","Regulated River","Water resource type (surface)","Surface water",1,0
30/APR/15,27/APR/15,"Apr 2015","Autumn 2015","FY 2014-15",42,,,,,"ML","No Price","Regulated River","Water resource type (surface)","Surface water",1,0
15/DEC/14,15/DEC/14,"Dec 2014","Summer 2015","FY 2014-15",10,,,,,"ML","No Price","Regulated River","Water resource type (surface)","Surface water",1,0
15/DEC/14,15/DEC/14,"Dec 2014","Summer 2015","FY 2014-15",30,,,,,"ML","No Price","Regulated River","Water resource type (surface)","Surface water",1,0
15/DEC/14,15/DEC/14,"Dec 2014","Summer 2015","FY 2014-15",6,,,,,"ML","No Price","Regulated River","Water resource type (surface)","Surface water",1,0
29/DEC/14,29/DEC/14,"Dec 2014","Summer 2015","FY 2014-15",25,,,,,"ML","No Price","Regulated River","Water resource type (surface)","Surface water",1,0
29/DEC/14,29/DEC/14,"Dec 2014","Summer 2015","FY 2014-15",1635,,,,,"ML","No Price","Regulated River","Water resource type (surface)","Surface water",1,0
29/DEC/14,29/DEC/14,"Dec 2014","Summer 2015","FY 2014-15",5,,,,,"ML","No Price","Regulated River","Water resource type (surface)","Surface water",1,0
15/DEC/14,15/DEC/14,"Dec 2014","Summer 2015","FY 2014-15",5,,,,,"ML","No Price","Regulated River","Water resource type (surface)","Surface water",1,0
30/APR/15,27/APR/15,"Apr 2015","Autumn 2015","FY 2014-15",20,,,,,"ML","No Price","Regulated River","Water resource type (surface)","Surface water",1,0
30/APR/15,27/APR/15,"Apr 2015","Autumn 2015","FY 2014-15",5,,,,,"ML","No Price","Regulated River","Water resource type (surface)","Surface water",1,0
30/APR/15,27/APR/15,"Apr 2015","Autumn 2015","FY 2014-15",3,,,,,"ML","No Price","Regulated River","Water resource type (surface)","Surface water",1,0
04/MAY/15,04/MAY/15,"May 2015","Autumn 2015","FY 2014-15",10,,,,,"ML","No Price","Regulated River","Water resource type (surface)","Surface water",1,0
04/MAY/15,04/MAY/15,"May 2015","Autumn 2015","FY 2014-15",10,,,,,"ML","No Price","Regulated River","Water resource type (surface)","Surface water",1,0
05/MAY/15,04/MAY/15,"May 2015","Autumn 2015","FY 2014-15",70,,,,,"ML","No Price","Regulated River","Water resource type (surface)","Surface water",1,0
06/MAY/15,04/MAY/15,"May 2015","Autumn 2015","FY 2014-15",100,,,,,"ML","No Price","Regulated River","Water resource type (surface)","Surface water",1,0
06/MAY/15,04/MAY/15,"May 2015","Autumn 2015","FY 2014-15",16,,,,,"ML","No Price","Regulated River","Water resource type (surface)","Surface water",1,0
06/MAY/15,04/MAY/15,"May 2015","Autumn 2015","FY 2014-15",184,,,,,"ML","No Price","Regulated River","Water resource type (surface)","Surface water",1,0
20/NOV/14,17/NOV/14,"Nov 2014","Spring 2014","FY 2014-15",43,,,,,"ML","No Price","Regulated River","Water resource type (surface)","Surface water",1,0
21/NOV/14,17/NOV/14,"Nov 2014","Spring 2014","FY 2014-15",500,,,,,"ML","No Price","Regulated River","Water resource type (surface)","Surface water",1,0
25/NOV/14,24/NOV/14,"Nov 2014","Spring 2014","FY 2014-15",160,,,,,"ML","No Price","Regulated River","Water resource type (surface)","Surface water",1,0
05/DEC/14,01/DEC/14,"Dec 2014","Summer 2015","FY 2014-15",26,,,,,"ML","No Price","Regulated River","Water resource type (surface)","Surface water",1,0
08/DEC/14,08/DEC/14,"Dec 2014","Summer 2015","FY 2014-15",24,,,,,"ML","No Price","Regulated River","Water resource type (surface)","Surface water",1,0
10/DEC/14,08/DEC/14,"Dec 2014","Summer 2015","FY 2014-15",200,,,,,"ML","No Price","Regulated River","Water resource type (surface)","Surface water",1,0
10/DEC/14,08/DEC/14,"Dec 2014","Summer 2015","FY 2014-15",10,,,,,"ML","No Price","Regulated River","Water resource type (surface)","Surface water",1,0
11/DEC/14,08/DEC/14,"Dec 2014","Summer 2015","FY 2014-15",42,,,,,"ML","No Price","Regulated River","Water resource type (surface)","Surface water",1,0
09/JAN/15,05/JAN/15,"Jan 2015","Summer 2015","FY 2014-15",870,,,,,"ML","No Price","Regulated River","Water resource type (surface)","Surface water",1,0
09/JAN/15,05/JAN/15,"Jan 2015","Summer 2015","FY 2014-15",956,,,,,"ML","No Price","Regulated River","Water resource type (surface)","Surface water",1,0
20/NOV/14,17/NOV/14,"Nov 2014","Spring 2014","FY 2014-15",900,,,,,"ML","No Price","Regulated River","Water resource type (surface)","Surface water",1,0
06/FEB/15,02/FEB/15,"Feb 2015","Summer 2015","FY 2014-15",75,,,,,"ML","No Price","Regulated River","Water resource type (surface)","Surface water",1,0
10/FEB/15,09/FEB/15,"Feb 2015","Summer 2015","FY 2014-15",100,,,,,"ML","No Price","Regulated River","Water resource type (surface)","Surface water",1,0
10/FEB/15,09/FEB/15,"Feb 2015","Summer 2015","FY 2014-15",15,,,,,"ML","No Price","Regulated River","Water resource type (surface)","Surface water",1,0
10/FEB/15,09/FEB/15,"Feb 2015","Summer 2015","FY 2014-15",36,,,,,"ML","No Price","Regulated River","Water resource type (surface)","Surface water",1,0
10/FEB/15,09/FEB/15,"Feb 2015","Summer 2015","FY 2014-15",28,,,,,"ML","No Price","Regulated River","Water resource type (surface)","Surface water",1,0
21/JUL/14,21/JUL/14,"Jul 2014","Winter 2014","FY 2014-15",100,,,,,"ML","No Price","Regulated River","Water resource type (surface)","Surface water",1,0
24/JUL/14,21/JUL/14,"Jul 2014","Winter 2014","FY 2014-15",30,,,,,"ML","No Price","Regulated River","Water resource type (surface)","Surface water",1,0
24/JUL/14,21/JUL/14,"Jul 2014","Winter 2014","FY 2014-15",20,,,,,"ML","No Price","Regulated River","Water resource type (surface)","Surface water",1,0
10/FEB/15,09/FEB/15,"Feb 2015","Summer 2015","FY 2014-15",19,,,,,"ML","No Price","Regulated River","Water resource type (surface)","Surface water",1,0
10/FEB/15,09/FEB/15,"Feb 2015","Summer 2015","FY 2014-15",2,,,,,"ML","No Price","Regulated River","Water resource type (surface)","Surface water",1,0
10/FEB/15,09/FEB/15,"Feb 2015","Summer 2015","FY 2014-15",6,,,,,"ML","No Price","Regulated River","Water resource type (surface)","Surface water",1,0
10/FEB/15,09/FEB/15,"Feb 2015","Summer 2015","FY 2014-15",34,,,,,"ML","No Price","Regulated River","Water resource type (surface)","Surface water",1,0
11/FEB/15,09/FEB/15,"Feb 2015","Summer 2015","FY 2014-15",2,,,,,"ML","No Price","Regulated River","Water resource type (surface)","Surface water",1,0
11/FEB/15,09/FEB/15,"Feb 2015","Summer 2015","FY 2014-15",2,,,,,"ML","No Price","Regulated River","Water resource type (surface)","Surface water",1,0
11/FEB/15,09/FEB/15,"Feb 2015","Summer 2015","FY 2014-15",8,,,,,"ML","No Price","Regulated River","Water resource type (surface)","Surface water",1,0
11/FEB/15,09/FEB/15,"Feb 2015","Summer 2015","FY 2014-15",33,,,,,"ML","No Price","Regulated River","Water resource type (surface)","Surface water",1,0
11/FEB/15,09/FEB/15,"Feb 2015","Summer 2015","FY 2014-15",47,,,,,"ML","No Price","Regulated River","Water resource type (surface)","Surface water",1,0
11/FEB/15,09/FEB/15,"Feb 2015","Summer 2015","FY 2014-15",3,,,,,"ML","No Price","Regulated River","Water resource type (surface)","Surface water",1,0
20/AUG/14,18/AUG/14,"Aug 2014","Winter 2014","FY 2014-15",5,,,,,"ML","No Price","Regulated River","Water resource type (surface)","Surface water",1,0
22/AUG/14,18/AUG/14,"Aug 2014","Winter 2014","FY 2014-15",15,,,,,"ML","No Price","Regulated River","Water resource type (surface)","Surface water",1,0
25/AUG/14,25/AUG/14,"Aug 2014","Winter 2014","FY 2014-15",110,,,,,"ML","No Price","Regulated River","Water resource type (surface)","Surface water",1,0
21/AUG/14,18/AUG/14,"Aug 2014","Winter 2014","FY 2014-15",8,,,,,"ML","No Price","Regulated River","Water resource type (surface)","Surface water",1,0
22/AUG/14,18/AUG/14,"Aug 2014","Winter 2014","FY 2014-15",234,,,,,"ML","No Price","Regulated River","Water resource type (surface)","Surface water",1,0
28/JAN/15,26/JAN/15,"Jan 2015","Summer 2015","FY 2014-15",200,,,,,"ML","No Price","Regulated River","Water resource type (surface)","Surface water",1,0
29/JAN/15,26/JAN/15,"Jan 2015","Summer 2015","FY 2014-15",8,,,,,"ML","No Price","Regulated River","Water resource type (surface)","Surface water",1,0
28/JAN/15,26/JAN/15,"Jan 2015","Summer 2015","FY 2014-15",5,,,,,"ML","No Price","Regulated River","Water resource type (surface)","Surface water",1,0
08/MAY/15,04/MAY/15,"May 2015","Autumn 2015","FY 2014-15",10,,,,,"ML","No Price","Regulated River","Water resource type (surface)","Surface water",1,0
05/FEB/15,02/FEB/15,"Feb 2015","Summer 2015","FY 2014-15",570,,,,,"ML","No Price","Regulated River","Water resource type (surface)","Surface water",1,0
05/FEB/15,02/FEB/15,"Feb 2015","Summer 2015","FY 2014-15",20,,,,,"ML","No Price","Regulated River","Water resource type (surface)","Surface water",1,0
05/FEB/15,02/FEB/15,"Feb 2015","Summer 2015","FY 2014-15",1,,,,,"ML","No Price","Regulated River","Water resource type (surface)","Surface water",1,0
30/APR/15,27/APR/15,"Apr 2015","Autumn 2015","FY 2014-15",13,,,,,"ML","No Price","Regulated River","Water resource type (surface)","Surface water",1,0
30/APR/15,27/APR/15,"Apr 2015","Autumn 2015","FY 2014-15",10,,,,,"ML","No Price","Regulated River","Water resource type (surface)","Surface water",1,0
30/APR/15,27/APR/15,"Apr 2015","Autumn 2015","FY 2014-15",10,,,,,"ML","No Price","Regulated River","Water resource type (surface)","Surface water",1,0
30/APR/15,27/APR/15,"Apr 2015","Autumn 2015","FY 2014-15",300,,,,,"ML","No Price","Regulated River","Water resource type (surface)","Surface water",1,0
30/APR/15,27/APR/15,"Apr 2015","Autumn 2015","FY 2014-15",103,,,,,"ML","No Price","Regulated River","Water resource type (surface)","Surface water",1,0
30/APR/15,27/APR/15,"Apr 2015","Autumn 2015","FY 2014-15",236,,,,,"ML","No Price","Regulated River","Water resource type (surface)","Surface water",1,0
30/APR/15,27/APR/15,"Apr 2015","Autumn 2015","FY 2014-15",164,,,,,"ML","No Price","Regulated River","Water resource type (surface)","Surface water",1,0
10/JUN/15,08/JUN/15,"Jun 2015","Winter 2015","FY 2014-15",18,,,,,"ML","No Price","Regulated River","Water resource type (surface)","Surface water",1,0
08/JUL/15,06/JUL/15,"Jul 2015","Winter 2015","FY 2015-16",104,,,,,"ML","No Price","Regulated River","Water resource type (surface)","Surface water",1,0
13/JUL/15,13/JUL/15,"Jul 2015","Winter 2015","FY 2015-16",15,,,,,"ML","No Price","Regulated River","Water resource type (surface)","Surface water",1,0
13/JUL/15,13/JUL/15,"Jul 2015","Winter 2015","FY 2015-16",7,,,,,"ML","No Price","Regulated River","Water resource type (surface)","Surface water",1,0
05/FEB/15,02/FEB/15,"Feb 2015","Summer 2015","FY 2014-15",1060,,,,,"ML","No Price","Regulated River","Water resource type (surface)","Surface water",1,0
05/FEB/15,02/FEB/15,"Feb 2015","Summer 2015","FY 2014-15",11,,,,,"ML","No Price","Regulated River","Water resource type (surface)","Surface water",1,0
08/AUG/14,04/AUG/14,"Aug 2014","Winter 2014","FY 2014-15",75,,,,,"ML","No Price","Regulated River","Water resource type (surface)","Surface water",1,0
08/AUG/14,04/AUG/14,"Aug 2014","Winter 2014","FY 2014-15",55,,,,,"ML","No Price","Regulated River","Water resource type (surface)","Surface water",1,0
13/AUG/14,11/AUG/14,"Aug 2014","Winter 2014","FY 2014-15",112,,,,,"ML","No Price","Regulated River","Water resource type (surface)","Surface water",1,0
15/AUG/14,11/AUG/14,"Aug 2014","Winter 2014","FY 2014-15",75,,,,,"ML","No Price","Regulated River","Water resource type (surface)","Surface water",1,0
15/AUG/14,11/AUG/14,"Aug 2014","Winter 2014","FY 2014-15",127,,,,,"ML","No Price","Regulated River","Water resource type (surface)","Surface water",1,0
15/AUG/14,11/AUG/14,"Aug 2014","Winter 2014","FY 2014-15",100,,,,,"ML","No Price","Regulated River","Water resource type (surface)","Surface water",1,0
23/JAN/15,19/JAN/15,"Jan 2015","Summer 2015","FY 2014-15",6,,,,,"ML","No Price","Regulated River","Water resource type (surface)","Surface water",1,0
09/OCT/14,06/OCT/14,"Oct 2014","Spring 2014","FY 2014-15",103,,,,,"ML","No Price","Regulated River","Water resource type (surface)","Surface water",1,0
09/OCT/14,06/OCT/14,"Oct 2014","Spring 2014","FY 2014-15",100,,,,,"ML","No Price","Regulated River","Water resource type (surface)","Surface water",1,0
09/OCT/14,06/OCT/14,"Oct 2014","Spring 2014","FY 2014-15",14,,,,,"ML","No Price","Regulated River","Water resource type (surface)","Surface water",1,0
09/OCT/14,06/OCT/14,"Oct 2014","Spring 2014","FY 2014-15",5,,,,,"ML","No Price","Regulated River","Water resource type (surface)","Surface water",1,0
14/OCT/14,13/OCT/14,"Oct 2014","Spring 2014","FY 2014-15",78,,,,,"ML","No Price","Regulated River","Water resource type (surface)","Surface water",1,0
14/OCT/14,13/OCT/14,"Oct 2014","Spring 2014","FY 2014-15",11,,,,,"ML","No Price","Regulated River","Water resource type (surface)","Surface water",1,0
14/OCT/14,13/OCT/14,"Oct 2014","Spring 2014","FY 2014-15",2,,,,,"ML","No Price","Regulated River","Water resource type (surface)","Surface water",1,0
30/APR/15,27/APR/15,"Apr 2015","Autumn 2015","FY 2014-15",10,,,,,"ML","No Price","Regulated River","Water resource type (surface)","Surface water",1,0
10/SEP/14,08/SEP/14,"Sep 2014","Spring 2014","FY 2014-15",10,,,,,"ML","No Price","Regulated River","Water resource type (surface)","Surface water",1,0
12/SEP/14,08/SEP/14,"Sep 2014","Spring 2014","FY 2014-15",55,,,,,"ML","No Price","Regulated River","Water resource type (surface)","Surface water",1,0
15/SEP/14,15/SEP/14,"Sep 2014","Spring 2014","FY 2014-15",112,,,,,"ML","No Price","Regulated River","Water resource type (surface)","Surface water",1,0
19/SEP/14,15/SEP/14,"Sep 2014","Spring 2014","FY 2014-15",139,,,,,"ML","No Price","Regulated River","Water resource type (surface)","Surface water",1,0
14/JAN/15,12/JAN/15,"Jan 2015","Summer 2015","FY 2014-15",20,,,,,"ML","No Price","Regulated River","Water resource type (surface)","Surface water",1,0
15/JAN/15,12/JAN/15,"Jan 2015","Summer 2015","FY 2014-15",8,,,,,"ML","No Price","Regulated River","Water resource type (surface)","Surface water",1,0
16/JAN/15,12/JAN/15,"Jan 2015","Summer 2015","FY 2014-15",8,,,,,"ML","No Price","Regulated River","Water resource type (surface)","Surface water",1,0
06/FEB/15,02/FEB/15,"Feb 2015","Summer 2015","FY 2014-15",50,,,,,"ML","No Price","Regulated River","Water resource type (surface)","Surface water",1,0
06/FEB/15,02/FEB/15,"Feb 2015","Summer 2015","FY 2014-15",12,,,,,"ML","No Price","Regulated River","Water resource type (surface)","Surface water",1,0
06/FEB/15,02/FEB/15,"Feb 2015","Summer 2015","FY 2014-15",180,,,,,"ML","No Price","Regulated River","Water resource type (surface)","Surface water",1,0
06/FEB/15,02/FEB/15,"Feb 2015","Summer 2015","FY 2014-15",75,,,,,"ML","No Price","Regulated River","Water resource type (surface)","Surface water",1,0
27/JUL/14,21/JUL/14,"Jul 2014","Winter 2014","FY 2014-15",15,,,,,"ML","No Price","Regulated River","Water resource type (surface)","Surface water",1,0
28/JUL/14,28/JUL/14,"Jul 2014","Winter 2014","FY 2014-15",10,,,,,"ML","No Price","Regulated River","Water resource type (surface)","Surface water",1,0
29/JUL/14,28/JUL/14,"Jul 2014","Winter 2014","FY 2014-15",822,,,,,"ML","No Price","Regulated River","Water resource type (surface)","Surface water",1,0
29/JUL/14,28/JUL/14,"Jul 2014","Winter 2014","FY 2014-15",1,,,,,"ML","No Price","Regulated River","Water resource type (surface)","Surface water",1,0
29/JUL/14,28/JUL/14,"Jul 2014","Winter 2014","FY 2014-15",1000,,,,,"ML","No Price","Regulated River","Water resource type (surface)","Surface water",1,0
30/JUL/14,28/JUL/14,"Jul 2014","Winter 2014","FY 2014-15",9,,,,,"ML","No Price","Regulated River","Water resource type (surface)","Surface water",1,0
08/AUG/14,04/AUG/14,"Aug 2014","Winter 2014","FY 2014-15",200,,,,,"ML","No Price","Regulated River","Water resource type (surface)","Surface water",1,0
23/JAN/15,19/JAN/15,"Jan 2015","Summer 2015","FY 2014-15",45,,,,,"ML","No Price","Regulated River","Water resource type (surface)","Surface water",1,0
23/JAN/15,19/JAN/15,"Jan 2015","Summer 2015","FY 2014-15",14,,,,,"ML","No Price","Regulated River","Water resource type (surface)","Surface water",1,0
23/JAN/15,19/JAN/15,"Jan 2015","Summer 2015","FY 2014-15",7,,,,,"ML","No Price","Regulated River","Water resource type (surface)","Surface water",1,0
31/DEC/14,29/DEC/14,"Dec 2014","Summer 2015","FY 2014-15",90,,,,,"ML","No Price","Regulated River","Water resource type (surface)","Surface water",1,0
31/DEC/14,29/DEC/14,"Dec 2014","Summer 2015","FY 2014-15",541,,,,,"ML","No Price","Regulated River","Water resource type (surface)","Surface water",1,0
31/DEC/14,29/DEC/14,"Dec 2014","Summer 2015","FY 2014-15",8,,,,,"ML","No Price","Regulated River","Water resource type (surface)","Surface water",1,0
08/MAY/15,04/MAY/15,"May 2015","Autumn 2015","FY 2014-15",237,,,,,"ML","No Price","Regulated River","Water resource type (surface)","Surface water",1,0
09/JAN/15,05/JAN/15,"Jan 2015","Summer 2015","FY 2014-15",1640,,,,,"ML","No Price","Regulated River","Water resource type (surface)","Surface water",1,0
09/JAN/15,05/JAN/15,"Jan 2015","Summer 2015","FY 2014-15",1,,,,,"ML","No Price","Regulated River","Water resource type (surface)","Surface water",1,0
09/JAN/15,05/JAN/15,"Jan 2015","Summer 2015","FY 2014-15",1,,,,,"ML","No Price","Regulated River","Water resource type (surface)","Surface water",1,0
13/JAN/15,12/JAN/15,"Jan 2015","Summer 2015","FY 2014-15",730,,,,,"ML","No Price","Regulated River","Water resource type (surface)","Surface water",1,0
13/JAN/15,12/JAN/15,"Jan 2015","Summer 2015","FY 2014-15",210,,,,,"ML","No Price","Regulated River","Water resource type (surface)","Surface water",1,0
16/APR/15,13/APR/15,"Apr 2015","Autumn 2015","FY 2014-15",20,,,,,"ML","No Price","Regulated River","Water resource type (surface)","Surface water",1,0
16/APR/15,13/APR/15,"Apr 2015","Autumn 2015","FY 2014-15",4,,,,,"ML","No Price","Regulated River","Water resource type (surface)","Surface water",1,0
11/MAY/15,11/MAY/15,"May 2015","Autumn 2015","FY 2014-15",330,,,,,"ML","No Price","Regulated River","Water resource type (surface)","Surface water",1,0
12/MAY/15,11/MAY/15,"May 2015","Autumn 2015","FY 2014-15",76,,,,,"ML","No Price","Regulated River","Water resource type (surface)","Surface water",1,0
12/MAY/15,11/MAY/15,"May 2015","Autumn 2015","FY 2014-15",19,,,,,"ML","No Price","Regulated River","Water resource type (surface)","Surface water",1,0
12/MAY/15,11/MAY/15,"May 2015","Autumn 2015","FY 2014-15",20,,,,,"ML","No Price","Regulated River","Water resource type (surface)","Surface water",1,0
12/MAY/15,11/MAY/15,"May 2015","Autumn 2015","FY 2014-15",150,,,,,"ML","No Price","Regulated River","Water resource type (surface)","Surface water",1,0
12/MAY/15,11/MAY/15,"May 2015","Autumn 2015","FY 2014-15",2,,,,,"ML","No Price","Regulated River","Water resource type (surface)","Surface water",1,0
13/MAY/15,11/MAY/15,"May 2015","Autumn 2015","FY 2014-15",70,,,,,"ML","No Price","Regulated River","Water resource type (surface)","Surface water",1,0
14/MAY/15,11/MAY/15,"May 2015","Autumn 2015","FY 2014-15",19,,,,,"ML","No Price","Regulated River","Water resource type (surface)","Surface water",1,0
18/MAY/15,18/MAY/15,"May 2015","Autumn 2015","FY 2014-15",80,,,,,"ML","No Price","Regulated River","Water resource type (surface)","Surface water",1,0
20/MAY/15,18/MAY/15,"May 2015","Autumn 2015","FY 2014-15",470,,,,,"ML","No Price","Regulated River","Water resource type (surface)","Surface water",1,0
25/MAY/15,25/MAY/15,"May 2015","Autumn 2015","FY 2014-15",315,,,,,"ML","No Price","Regulated River","Water resource type (surface)","Surface water",1,0
26/MAY/15,25/MAY/15,"May 2015","Autumn 2015","FY 2014-15",83,,,,,"ML","No Price","Regulated River","Water resource type (surface)","Surface water",1,0
26/MAY/15,25/MAY/15,"May 2015","Autumn 2015","FY 2014-15",24,,,,,"ML","No Price","Regulated River","Water resource type (surface)","Surface water",1,0
27/MAY/15,25/MAY/15,"May 2015","Autumn 2015","FY 2014-15",9,,,,,"ML","No Price","Regulated River","Water resource type (surface)","Surface water",1,0
27/MAY/15,25/MAY/15,"May 2015","Autumn 2015","FY 2014-15",86,,,,,"ML","No Price","Regulated River","Water resource type (surface)","Surface water",1,0
10/JUN/15,08/JUN/15,"Jun 2015","Winter 2015","FY 2014-15",20,,,,,"ML","No Price","Regulated River","Water resource type (surface)","Surface water",1,0
10/JUN/15,08/JUN/15,"Jun 2015","Winter 2015","FY 2014-15",80,,,,,"ML","No Price","Regulated River","Water resource type (surface)","Surface water",1,0
10/JUN/15,08/JUN/15,"Jun 2015","Winter 2015","FY 2014-15",20,,,,,"ML","No Price","Regulated River","Water resource type (surface)","Surface water",1,0
07/JUL/14,07/JUL/14,"Jul 2014","Winter 2014","FY 2014-15",15,,,,,"ML","No Price","Regulated River","Water resource type (surface)","Surface water",1,0
04/FEB/15,02/FEB/15,"Feb 2015","Summer 2015","FY 2014-15",124,,,,,"ML","No Price","Regulated River","Water resource type (surface)","Surface water",1,0
04/FEB/15,02/FEB/15,"Feb 2015","Summer 2015","FY 2014-15",40,,,,,"ML","No Price","Regulated River","Water resource type (surface)","Surface water",1,0
04/FEB/15,02/FEB/15,"Feb 2015","Summer 2015","FY 2014-15",5,,,,,"ML","No Price","Regulated River","Water resource type (surface)","Surface water",1,0
04/FEB/15,02/FEB/15,"Feb 2015","Summer 2015","FY 2014-15",8,,,,,"ML","No Price","Regulated River","Water resource type (surface)","Surface water",1,0
11/FEB/15,09/FEB/15,"Feb 2015","Summer 2015","FY 2014-15",23,,,,,"ML","No Price","Regulated River","Water resource type (surface)","Surface water",1,0
11/FEB/15,09/FEB/15,"Feb 2015","Summer 2015","FY 2014-15",4,,,,,"ML","No Price","Regulated River","Water resource type (surface)","Surface water",1,0
11/FEB/15,09/FEB/15,"Feb 2015","Summer 2015","FY 2014-15",4,,,,,"ML","No Price","Regulated River","Water resource type (surface)","Surface water",1,0
23/FEB/15,23/FEB/15,"Feb 2015","Summer 2015","FY 2014-15",50,,,,,"ML","No Price","Regulated River","Water resource type (surface)","Surface water",1,0
23/FEB/15,23/FEB/15,"Feb 2015","Summer 2015","FY 2014-15",59,,,,,"ML","No Price","Regulated River","Water resource type (surface)","Surface water",1,0
23/FEB/15,23/FEB/15,"Feb 2015","Summer 2015","FY 2014-15",100,,,,,"ML","No Price","Regulated River","Water resource type (surface)","Surface water",1,0
23/FEB/15,23/FEB/15,"Feb 2015","Summer 2015","FY 2014-15",20,,,,,"ML","No Price","Regulated River","Water resource type (surface)","Surface water",1,0
15/DEC/14,15/DEC/14,"Dec 2014","Summer 2015","FY 2014-15",67,,,,,"ML","No Price","Regulated River","Water resource type (surface)","Surface water",1,0
18/DEC/14,15/DEC/14,"Dec 2014","Summer 2015","FY 2014-15",175,,,,,"ML","No Price","Regulated River","Water resource type (surface)","Surface water",1,0
19/DEC/14,15/DEC/14,"Dec 2014","Summer 2015","FY 2014-15",700,,,,,"ML","No Price","Regulated River","Water resource type (surface)","Surface water",1,0
02/FEB/15,02/FEB/15,"Feb 2015","Summer 2015","FY 2014-15",15,,,,,"ML","No Price","Regulated River","Water resource type (surface)","Surface water",1,0
02/FEB/15,02/FEB/15,"Feb 2015","Summer 2015","FY 2014-15",10,,,,,"ML","No Price","Regulated River","Water resource type (surface)","Surface water",1,0
03/FEB/15,02/FEB/15,"Feb 2015","Summer 2015","FY 2014-15",5,,,,,"ML","No Price","Regulated River","Water resource type (surface)","Surface water",1,0
03/FEB/15,02/FEB/15,"Feb 2015","Summer 2015","FY 2014-15",125,,,,,"ML","No Price","Regulated River","Water resource type (surface)","Surface water",1,0
04/FEB/15,02/FEB/15,"Feb 2015","Summer 2015","FY 2014-15",160,,,,,"ML","No Price","Regulated River","Water resource type (surface)","Surface water",1,0
04/FEB/15,02/FEB/15,"Feb 2015","Summer 2015","FY 2014-15",570,,,,,"ML","No Price","Regulated River","Water resource type (surface)","Surface water",1,0
04/FEB/15,02/FEB/15,"Feb 2015","Summer 2015","FY 2014-15",11,,,,,"ML","No Price","Regulated River","Water resource type (surface)","Surface water",1,0
15/DEC/14,15/DEC/14,"Dec 2014","Summer 2015","FY 2014-15",4,,,,,"ML","No Price","Regulated River","Water resource type (surface)","Surface water",1,0
15/DEC/14,15/DEC/14,"Dec 2014","Summer 2015","FY 2014-15",8,,,,,"ML","No Price","Regulated River","Water resource type (surface)","Surface water",1,0
15/DEC/14,15/DEC/14,"Dec 2014","Summer 2015","FY 2014-15",28,,,,,"ML","No Price","Regulated River","Water resource type (surface)","Surface water",1,0
16/JAN/15,12/JAN/15,"Jan 2015","Summer 2015","FY 2014-15",93,,,,,"ML","No Price","Regulated River","Water resource type (surface)","Surface water",1,0
16/JAN/15,12/JAN/15,"Jan 2015","Summer 2015","FY 2014-15",18,,,,,"ML","No Price","Regulated River","Water resource type (surface)","Surface water",1,0
19/JAN/15,19/JAN/15,"Jan 2015","Summer 2015","FY 2014-15",20,,,,,"ML","No Price","Regulated River","Water resource type (surface)","Surface water",1,0
21/JAN/15,19/JAN/15,"Jan 2015","Summer 2015","FY 2014-15",30,,,,,"ML","No Price","Regulated River","Water resource type (surface)","Surface water",1,0
21/JAN/15,19/JAN/15,"Jan 2015","Summer 2015","FY 2014-15",7,,,,,"ML","No Price","Regulated River","Water resource type (surface)","Surface water",1,0
21/JAN/15,19/JAN/15,"Jan 2015","Summer 2015","FY 2014-15",65,,,,,"ML","No Price","Regulated River","Water resource type (surface)","Surface water",1,0
22/JAN/15,19/JAN/15,"Jan 2015","Summer 2015","FY 2014-15",20,,,,,"ML","No Price","Regulated River","Water resource type (surface)","Surface water",1,0
22/JAN/15,19/JAN/15,"Jan 2015","Summer 2015","FY 2014-15",360,,,,,"ML","No Price","Regulated River","Water resource type (surface)","Surface water",1,0
04/FEB/15,02/FEB/15,"Feb 2015","Summer 2015","FY 2014-15",125,,,,,"ML","No Price","Regulated River","Water resource type (surface)","Surface water",1,0
04/FEB/15,02/FEB/15,"Feb 2015","Summer 2015","FY 2014-15",124,,,,,"ML","No Price","Regulated River","Water resource type (surface)","Surface water",1,0
13/MAR/15,09/MAR/15,"Mar 2015","Autumn 2015","FY 2014-15",7,,,,,"ML","No Price","Regulated River","Water resource type (surface)","Surface water",1,0
17/MAR/15,16/MAR/15,"Mar 2015","Autumn 2015","FY 2014-15",50,,,,,"ML","No Price","Regulated River","Water resource type (surface)","Surface water",1,0
19/MAR/15,16/MAR/15,"Mar 2015","Autumn 2015","FY 2014-15",30,,,,,"ML","No Price","Regulated River","Water resource type (surface)","Surface water",1,0
24/MAR/15,23/MAR/15,"Mar 2015","Autumn 2015","FY 2014-15",5,,,,,"ML","No Price","Regulated River","Water resource type (surface)","Surface water",1,0
24/MAR/15,23/MAR/15,"Mar 2015","Autumn 2015","FY 2014-15",5,,,,,"ML","No Price","Regulated River","Water resource type (surface)","Surface water",1,0
24/MAR/15,23/MAR/15,"Mar 2015","Autumn 2015","FY 2014-15",51,,,,,"ML","No Price","Regulated River","Water resource type (surface)","Surface water",1,0
25/MAR/15,23/MAR/15,"Mar 2015","Autumn 2015","FY 2014-15",10,,,,,"ML","No Price","Regulated River","Water resource type (surface)","Surface water",1,0
25/MAR/15,23/MAR/15,"Mar 2015","Autumn 2015","FY 2014-15",55,,,,,"ML","No Price","Regulated River","Water resource type (surface)","Surface water",1,0
25/MAR/15,23/MAR/15,"Mar 2015","Autumn 2015","FY 2014-15",100,,,,,"ML","No Price","Regulated River","Water resource type (surface)","Surface water",1,0
25/MAR/15,23/MAR/15,"Mar 2015","Autumn 2015","FY 2014-15",2,,,,,"ML","No Price","Regulated River","Water resource type (surface)","Surface water",1,0
25/MAR/15,23/MAR/15,"Mar 2015","Autumn 2015","FY 2014-15",1000,,,,,"ML","No Price","Regulated River","Water resource type (surface)","Surface water",1,0
05/FEB/15,02/FEB/15,"Feb 2015","Summer 2015","FY 2014-15",11,,,,,"ML","No Price","Regulated River","Water resource type (surface)","Surface water",1,0
15/JUL/14,14/JUL/14,"Jul 2014","Winter 2014","FY 2014-15",25,,,,,"ML","No Price","Regulated River","Water resource type (surface)","Surface water",1,0
31/DEC/14,29/DEC/14,"Dec 2014","Summer 2015","FY 2014-15",200,,,,,"ML","No Price","Regulated River","Water resource type (surface)","Surface water",1,0
31/DEC/14,29/DEC/14,"Dec 2014","Summer 2015","FY 2014-15",219,,,,,"ML","No Price","Regulated River","Water resource type (surface)","Surface water",1,0
02/JAN/15,29/DEC/14,"Jan 2015","Summer 2015","FY 2014-15",100,,,,,"ML","No Price","Regulated River","Water resource type (surface)","Surface water",1,0
05/JAN/15,05/JAN/15,"Jan 2015","Summer 2015","FY 2014-15",78,,,,,"ML","No Price","Regulated River","Water resource type (surface)","Surface water",1,0
05/JAN/15,05/JAN/15,"Jan 2015","Summer 2015","FY 2014-15",14,,,,,"ML","No Price","Regulated River","Water resource type (surface)","Surface water",1,0
05/JAN/15,05/JAN/15,"Jan 2015","Summer 2015","FY 2014-15",54,,,,,"ML","No Price","Regulated River","Water resource type (surface)","Surface water",1,0
23/FEB/15,23/FEB/15,"Feb 2015","Summer 2015","FY 2014-15",41,,,,,"ML","No Price","Regulated River","Water resource type (surface)","Surface water",1,0
16/JUL/14,14/JUL/14,"Jul 2014","Winter 2014","FY 2014-15",100,,,,,"ML","No Price","Regulated River","Water resource type (surface)","Surface water",1,0
17/JUL/14,14/JUL/14,"Jul 2014","Winter 2014","FY 2014-15",80,,,,,"ML","No Price","Regulated River","Water resource type (surface)","Surface water",1,0
21/JUL/14,21/JUL/14,"Jul 2014","Winter 2014","FY 2014-15",50,,,,,"ML","No Price","Regulated River","Water resource type (surface)","Surface water",1,0
21/JUL/14,21/JUL/14,"Jul 2014","Winter 2014","FY 2014-15",20,,,,,"ML","No Price","Regulated River","Water resource type (surface)","Surface water",1,0
21/JUL/14,21/JUL/14,"Jul 2014","Winter 2014","FY 2014-15",3,,,,,"ML","No Price","Regulated River","Water resource type (surface)","Surface water",1,0
21/JUL/14,21/JUL/14,"Jul 2014","Winter 2014","FY 2014-15",7,,,,,"ML","No Price","Regulated River","Water resource type (surface)","Surface water",1,0
01/JUL/14,30/JUN/14,"Jul 2014","Winter 2014","FY 2014-15",22,,,,,"ML","No Price","Regulated River","Water resource type (surface)","Surface water",1,0
29/DEC/14,29/DEC/14,"Dec 2014","Summer 2015","FY 2014-15",119,,,,,"ML","No Price","Regulated River","Water resource type (surface)","Surface water",1,0
31/DEC/14,29/DEC/14,"Dec 2014","Summer 2015","FY 2014-15",60,,,,,"ML","No Price","Regulated River","Water resource type (surface)","Surface water",1,0
31/DEC/14,29/DEC/14,"Dec 2014","Summer 2015","FY 2014-15",3,,,,,"ML","No Price","Regulated River","Water resource type (surface)","Surface water",1,0
31/DEC/14,29/DEC/14,"Dec 2014","Summer 2015","FY 2014-15",2,,,,,"ML","No Price","Regulated River","Water resource type (surface)","Surface water",1,0
31/DEC/14,29/DEC/14,"Dec 2014","Summer 2015","FY 2014-15",60,,,,,"ML","No Price","Regulated River","Water resource type (surface)","Surface water",1,0
31/DEC/14,29/DEC/14,"Dec 2014","Summer 2015","FY 2014-15",112,,,,,"ML","No Price","Regulated River","Water resource type (surface)","Surface water",1,0
31/DEC/14,29/DEC/14,"Dec 2014","Summer 2015","FY 2014-15",5,,,,,"ML","No Price","Regulated River","Water resource type (surface)","Surface water",1,0
05/FEB/15,02/FEB/15,"Feb 2015","Summer 2015","FY 2014-15",1,,,,,"ML","No Price","Regulated River","Water resource type (surface)","Surface water",1,0
05/FEB/15,02/FEB/15,"Feb 2015","Summer 2015","FY 2014-15",2,,,,,"ML","No Price","Regulated River","Water resource type (surface)","Surface water",1,0
